,会社名
0,有限会社近藤製作所
1,株式会社エスエス
2,有限会社幸和
3,株式会社一歩
4,有限会社カワムラ
5,有限会社フリースタイル
6,株式会社恵
7,株式会社創和
8,有限会社吉田商事
9,有限会社ブリッジ
10,有限会社サンアイ
11,株式会社アライ
12,有限会社山下商店
13,有限会社ネットワーク
14,株式会社マルショウ
15,有限会社ケイズ
16,株式会社レインボー
17,株式会社エイブル
18,株式会社グラント
19,有限会社ジョイ
20,株式会社クレスト
21,株式会社コンフィアンス
22,株式会社ネクストイノベーション
23,有限会社エクセレント
24,株式会社トミタ
25,有限会社高橋商事
26,有限会社美建
27,有限会社吉祥
28,株式会社アネックス
29,株式会社クラウド
30,アーク株式会社
31,株式会社アルゴ
32,有限会社一光
33,有限会社マツイ
34,株式会社ライフデザイン
35,有限会社大塚商店
36,有限会社サカイ
37,株式会社玉屋
38,有限会社スエヒロ
39,有限会社ティアラ
40,有限会社グリーン企画
41,株式会社中村工業
42,有限会社アーネスト
43,有限会社マインド
44,株式会社ヤマシタ
45,サンコー株式会社
46,有限会社三河屋
47,有限会社ヨシダ
48,株式会社松本
49,株式会社トレス
50,株式会社PLUS
51,有限会社山田商店
52,株式会社新星
53,株式会社BASE
54,有限会社豊和
55,株式会社共立
56,株式会社アウル
57,株式会社ガイア
58,有限会社ベーシック
59,株式会社ベクトル
60,有限会社アクティブ
61,株式会社大河
62,有限会社たかはし
63,有限会社アイズ
64,株式会社優
65,株式会社プライド
66,有限会社のぞみ
67,株式会社マイスター
68,株式会社ヤシマ
69,有限会社山崎製作所
70,株式会社リック
71,有限会社ダイキ
72,有限会社アクア
73,株式会社小林製作所
74,有限会社三輝
75,株式会社ブレイン
76,有限会社小川工務店
77,株式会社アペックス
78,有限会社サンユウ
79,株式会社ナカヤ
80,有限会社酒井商店
81,有限会社サンク
82,有限会社エムアンドケイ
83,株式会社加藤工務店
84,株式会社エーワン
85,株式会社三立
86,株式会社フェニックス
87,株式会社サカエ
88,株式会社すまいる
89,株式会社ひまわり
90,東洋商事株式会社
91,株式会社エクセレント
92,株式会社いずみ
93,有限会社パートナー
94,株式会社朝日
95,株式会社中村
96,株式会社エコー
97,有限会社イズミ
98,有限会社ササキ
99,有限会社共栄工業
100,株式会社グローブ
101,株式会社トーワ
102,株式会社ナカニシ
103,有限会社ユーアイ
104,株式会社松商
105,有限会社ペガサス
106,株式会社ITO
107,有限会社山本
108,株式会社クルーズ
109,株式会社小林商店
110,株式会社ティアラ
111,株式会社コダマ
112,株式会社セブンシーズ
113,有限会社佐々木工業
114,エース株式会社
115,有限会社かどや
116,有限会社大黒屋
117,株式会社アヴァンティ
118,株式会社山本工務店
119,株式会社アーチ
120,株式会社アルテ
121,株式会社あかつき
122,有限会社フィール
123,有限会社プレステージ
124,株式会社松本工業
125,有限会社井上製作所
126,株式会社LOOP
127,有限会社トーシン
128,株式会社プログレス
129,有限会社渡辺商店
130,株式会社明日香
131,有限会社コスモテック
132,株式会社インデックス
133,株式会社フジ
134,株式会社伸栄
135,株式会社アプローズ
136,株式会社カワムラ
137,株式会社TAKUMI
138,有限会社ふじや
139,有限会社ドルフィン
140,有限会社小川
141,株式会社永光
142,有限会社市川
143,有限会社ハーベスト
144,株式会社大善
145,有限会社小林商会
146,株式会社ライト
147,有限会社協和商事
148,有限会社プラム
149,株式会社アレックス
150,有限会社遠藤工務店
151,株式会社マインズ
152,中央商事株式会社
153,株式会社三幸
154,有限会社スマイル
155,有限会社アラキ
156,有限会社ハセガワ
157,株式会社コア
158,株式会社日創
159,株式会社東栄
160,株式会社アップル
161,株式会社ニットー
162,株式会社アーク
163,株式会社ハートランド
164,有限会社清水商店
165,有限会社アイ企画
166,有限会社タカノ
167,株式会社ひだまり
168,有限会社新生
169,有限会社アイテム
170,株式会社アイ・コーポレーション
171,有限会社山本工業
172,有限会社アルバ
173,株式会社エムズ
174,株式会社四季
175,株式会社マコト
176,株式会社アイビス
177,株式会社オークラ
178,有限会社北斗
179,株式会社エスケイ
180,株式会社レジェンド
181,有限会社中島工業
182,株式会社NINE
183,有限会社大商
184,株式会社扇屋
185,株式会社サンワールド
186,有限会社オオタ
187,有限会社島田商店
188,株式会社サンライフ
189,高橋建設株式会社
190,有限会社エフ
191,株式会社プレスト
192,株式会社セイケン
193,株式会社ゴールド
194,有限会社藤井商店
195,株式会社スマート
196,株式会社雅工業
197,株式会社カイト
198,株式会社クレッシェンド
199,株式会社中村商店
200,株式会社アリエス
201,株式会社興和
202,有限会社フジタ
203,有限会社井上商店
204,有限会社プロフィット
205,株式会社トリニティ
206,有限会社友和
207,小林建設株式会社
208,有限会社三和商事
209,株式会社フュージョン
210,株式会社SKT
211,有限会社サン・コーポレーション
212,株式会社小林工務店
213,株式会社ウエダ
214,有限会社後藤商店
215,有限会社田中組
216,有限会社マサキ
217,株式会社エスペランサ
218,株式会社ファースト
219,有限会社ユニオン
220,株式会社ビジョン
221,有限会社アンビシャス
222,株式会社加藤工業
223,有限会社ウエノ
224,株式会社イワタ
225,有限会社平成産業
226,株式会社ユーテック
227,有限会社飛翔
228,有限会社わかば
229,株式会社サンプラス
230,有限会社サンホーム
231,株式会社マーキュリー
232,株式会社ミライズ
233,有限会社山口工業
234,有限会社林商会
235,有限会社斉藤商店
236,有限会社シード
237,株式会社光栄
238,株式会社ショウエイ
239,株式会社エムケイ
240,株式会社渡辺製作所
241,株式会社ミヤマ
242,株式会社山一
243,株式会社グランドライン
244,有限会社大創
245,株式会社GROW
246,新和工業株式会社
247,株式会社エフテック
248,有限会社ファミリー
249,株式会社ワンステップ
250,有限会社クレール
251,有限会社成和工業
252,渡辺工業株式会社
253,株式会社アスカ
254,株式会社アレス
255,株式会社サクシード
256,有限会社中村
257,株式会社仁
258,株式会社ST
259,株式会社トーカイ
260,株式会社ユニバーサル
261,有限会社わたなべ
262,株式会社アプロ
263,有限会社ヒロ・コーポレーション
264,有限会社グッドライフ
265,株式会社フレスコ
266,有限会社ループ
267,有限会社ノーブル
268,株式会社吉田工務店
269,株式会社なごみ
270,株式会社ライフスタイル
271,株式会社エコテック
272,株式会社イシカワ
273,有限会社クラウン
274,有限会社マツヤ
275,株式会社あさひ
276,有限会社大和
277,株式会社藤屋
278,株式会社三協
279,有限会社小山商店
280,株式会社中川
281,株式会社レオ
282,株式会社大和
283,有限会社タートル
284,有限会社阿部製作所
285,有限会社小林商事
286,有限会社泉商事
287,株式会社松本組
288,株式会社フジワラ
289,有限会社誠和
290,株式会社TK
291,有限会社イケダ
292,有限会社ダイコー
293,株式会社アライアンス
294,株式会社ニーズ
295,株式会社TKS
296,有限会社清水商事
297,株式会社ウイズ
298,有限会社マツモト
299,株式会社アリア
300,株式会社ジョイ
301,株式会社総建
302,有限会社金子商店
303,株式会社サンテック
304,有限会社亀屋
305,有限会社吉田工業
306,鈴木工業株式会社
307,株式会社ルミエール
308,株式会社アーム
309,株式会社COLORS
310,株式会社CORE
311,有限会社エスト
312,有限会社山本製作所
313,株式会社KS
314,有限会社田中工務店
315,有限会社ナカガワ
316,株式会社鈴木
317,株式会社翔
318,株式会社タツミ
319,有限会社渡辺工務店
320,株式会社成和
321,株式会社M
322,株式会社シーズ
323,有限会社森田商店
324,株式会社CONNECT
325,有限会社ロータス
326,株式会社アルク
327,ワイズ株式会社
328,株式会社Rise
329,株式会社ピュア
330,有限会社清水
331,有限会社三幸
332,株式会社マツダ
333,株式会社三和商会
334,有限会社ワールド
335,株式会社リファイン
336,株式会社グリーン
337,株式会社アールズ
338,有限会社中村産業
339,有限会社村上商店
340,株式会社エーテック
341,有限会社コジマ
342,株式会社ナカザワ
343,有限会社フロンティア
344,株式会社レイズ
345,有限会社コーワ
346,株式会社真栄
347,株式会社K＆S
348,有限会社三晃
349,株式会社ジーク
350,鈴木建設株式会社
351,株式会社コスモ
352,株式会社東伸
353,有限会社コーケン
354,三協商事株式会社
355,株式会社ユニオン
356,株式会社タイセイ
357,有限会社サンクス
358,株式会社カトウ
359,株式会社ファーストステップ
360,リンクス株式会社
361,有限会社ミヤモト
362,株式会社ブラスト
363,株式会社T＆K
364,有限会社伊藤
365,有限会社寿商事
366,有限会社ティーアンドエム
367,有限会社テクノ
368,株式会社リベルテ
369,株式会社SKC
370,有限会社イマジン
371,株式会社SORA
372,株式会社エコライフ
373,株式会社暁
374,有限会社光栄
375,株式会社山本組
376,株式会社アバンセ
377,株式会社希望
378,有限会社和楽
379,株式会社AQUA
380,有限会社小島商店
381,株式会社INFINITY
382,有限会社伊勢屋
383,株式会社ヤマモト
384,株式会社ミヤタ
385,有限会社高橋組
386,株式会社佐藤組
387,株式会社三光
388,株式会社ミネルバ
389,株式会社オクト
390,株式会社プロテック
391,有限会社ケント
392,株式会社松建
393,有限会社高木商店
394,有限会社丸富
395,株式会社ベル
396,有限会社マーキュリー
397,株式会社タイキ
398,株式会社MJ
399,株式会社クリエーション
400,株式会社スクエア
401,有限会社渡辺製作所
402,有限会社みやび
403,株式会社三星
404,株式会社ハートフル
405,有限会社オーク
406,有限会社田中工業
407,株式会社高橋建設
408,有限会社渡辺建設
409,有限会社ルーツ
410,株式会社GRIT
411,株式会社SKY
412,株式会社マルタカ
413,株式会社ISM
414,有限会社井上
415,株式会社ライム
416,有限会社佐藤工業
417,有限会社木村建設
418,株式会社日新
419,株式会社田中製作所
420,有限会社スリーエス
421,有限会社シミズ
422,有限会社クライム
423,株式会社STK
424,有限会社エトワール
425,有限会社シャルム
426,有限会社リンク
427,有限会社加藤商会
428,株式会社エクセル
429,株式会社ARK
430,有限会社サポート
431,株式会社ステップ
432,株式会社大地
433,有限会社鈴商
434,株式会社佐藤製作所
435,有限会社ツインズ
436,株式会社タカノ
437,株式会社ハシモト
438,株式会社エンジェル
439,有限会社ツカサ
440,有限会社テクノス
441,有限会社東洋
442,株式会社ライズコーポレーション
443,株式会社スプラウト
444,株式会社大真
445,株式会社ハヤカワ
446,株式会社アッシュ
447,株式会社大信
448,有限会社あさひ
449,有限会社吉田商会
450,株式会社グローイング
451,株式会社セイコー
452,有限会社光輝
453,有限会社オカモト
454,株式会社シナジー
455,株式会社トーコー
456,株式会社アルス
457,株式会社フォーサイト
458,有限会社山下商事
459,株式会社マルヤマ
460,有限会社共栄商事
461,有限会社橋本商店
462,有限会社小林鉄工所
463,株式会社TMS
464,株式会社クラウドナイン
465,株式会社エール
466,有限会社トミタ
467,株式会社カワイ
468,田中商事株式会社
469,株式会社サンホーム
470,株式会社シンプル
471,有限会社今井商店
472,株式会社セイシン
473,株式会社エーアイ
474,有限会社橋本工業
475,株式会社レック
476,株式会社田中工務店
477,株式会社ルピナス
478,株式会社プレジャー
479,有限会社オガワ
480,有限会社ビリーブ
481,株式会社クオーレ
482,株式会社京屋
483,株式会社TS
484,株式会社KSK
485,有限会社英
486,佐藤工業株式会社
487,株式会社ラック
488,有限会社アポロ
489,有限会社新栄工業
490,株式会社ミリオン
491,株式会社ニック
492,株式会社高橋商店
493,株式会社大伸
494,株式会社トラスティ
495,株式会社木村組
496,有限会社錦
497,株式会社シード
498,有限会社池田商店
499,株式会社信和
500,株式会社スリーピース
501,有限会社ワイズコーポレーション
502,有限会社ヤマグチ
503,株式会社ナカシマ
504,有限会社七福
505,有限会社佐々木建設
506,株式会社タクト
507,株式会社藤
508,有限会社松本
509,株式会社大福
510,株式会社三晃
511,有限会社ライジング
512,株式会社リリーフ
513,株式会社ダイショウ
514,有限会社山本産業
515,有限会社オガタ
516,株式会社フローラ
517,株式会社サンヨー
518,株式会社フィット
519,株式会社SIN
520,株式会社凛
521,中村建設株式会社
522,株式会社サン
523,株式会社マインド
524,有限会社佐藤商会
525,株式会社ホープ
526,有限会社岡田商店
527,株式会社丸福
528,株式会社三栄
529,株式会社まほろば
530,株式会社フレンド
531,株式会社クボタ
532,株式会社永和
533,有限会社つばさ
534,株式会社アイム
535,株式会社サンライト
536,フロンティア株式会社
537,株式会社北斗
538,株式会社ネットワーク
539,株式会社あかり
540,有限会社内田商店
541,有限会社ゼスト
542,有限会社西村商店
543,有限会社パッション
544,株式会社ライフサポート
545,株式会社ジェイテック
546,有限会社トップ
547,株式会社千代田
548,株式会社アイザック
549,株式会社イトー
550,株式会社ユーワ
551,三和商事株式会社
552,有限会社ソレイユ
553,株式会社ジェネシス
554,有限会社豊商事
555,有限会社原田商店
556,有限会社エコテック
557,有限会社エムズ
558,株式会社サンアイ
559,株式会社マーブル
560,株式会社岡田
561,有限会社三栄商事
562,有限会社マルイ
563,株式会社キクチ
564,有限会社大進
565,株式会社昴
566,株式会社アイディール
567,有限会社興和
568,有限会社グリーン
569,株式会社新光
570,株式会社タナカ
571,株式会社T＆S
572,有限会社マキ
573,有限会社キング
574,有限会社フォーシーズン
575,有限会社ウイン
576,有限会社フルハウス
577,株式会社コンフォート
578,株式会社マルヨシ
579,株式会社ミック
580,株式会社いろは
581,株式会社フラップ
582,株式会社フジコー
583,有限会社大栄
584,有限会社クロスロード
585,株式会社みらい
586,株式会社中村建設
587,有限会社三和
588,有限会社フジモト
589,有限会社木村屋
590,株式会社ACE
591,有限会社森建設
592,株式会社佐藤商事
593,有限会社信和
594,有限会社渡辺商事
595,株式会社コスモス
596,有限会社プラウド
597,株式会社ミツワ
598,協和工業株式会社
599,有限会社フラップ
600,株式会社リープ
601,有限会社第一商事
602,株式会社NEXT
603,株式会社エスプランニング
604,株式会社イレブン
605,株式会社ブレーン
606,株式会社橘
607,有限会社アイル
608,有限会社ウェーブ
609,有限会社タツミ
610,株式会社シーク
611,株式会社シャイン
612,有限会社光商事
613,株式会社ロジック
614,株式会社アイシン
615,大和興業株式会社
616,有限会社ウチダ
617,有限会社光
618,有限会社鈴木
619,株式会社ゆう
620,有限会社阿部工務店
621,有限会社コトブキ
622,株式会社リアル
623,株式会社エバーグリーン
624,株式会社アイエム
625,有限会社柳屋
626,有限会社三宝
627,有限会社大新
628,有限会社山田製作所
629,株式会社心
630,株式会社シンコー
631,有限会社ハヤシ
632,有限会社エムケイ
633,有限会社サンライン
634,株式会社青空
635,株式会社聖
636,株式会社イシダ
637,株式会社小林
638,有限会社イノウエ
639,有限会社大栄商事
640,有限会社ハートランド
641,有限会社フォーユー
642,有限会社寿産業
643,有限会社ハイテック
644,有限会社平成建設
645,株式会社のぞみ
646,有限会社中村商会
647,有限会社トマト
648,有限会社リバティ
649,株式会社クエスト
650,株式会社タクミ
651,有限会社田中建設
652,有限会社シャイン
653,有限会社阿部工業
654,サンテック株式会社
655,株式会社ウィッシュ
656,有限会社ソフィア
657,有限会社アルファー
658,株式会社あゆみ
659,大和建設株式会社
660,株式会社MST
661,有限会社司
662,株式会社クラウン
663,株式会社サポート
664,株式会社レーヴ
665,株式会社ワイテック
666,有限会社フォルテ
667,株式会社KRS
668,有限会社グレイス
669,有限会社エイム
670,株式会社大東
671,有限会社加藤工務店
672,株式会社田中建設
673,アクト株式会社
674,株式会社友和
675,株式会社ビジネスサポート
676,有限会社フジ企画
677,有限会社アクロス
678,新栄工業株式会社
679,有限会社松本工務店
680,株式会社グランデ
681,株式会社グリーンライフ
682,株式会社キョウエイ
683,株式会社メディカルサポート
684,有限会社木村組
685,株式会社アクティス
686,株式会社リライフ
687,株式会社フリーダム
688,有限会社吉田産業
689,株式会社大昌
690,有限会社アスカ
691,株式会社ADVANCE
692,アルファ株式会社
693,有限会社ポラリス
694,株式会社大成
695,東和産業株式会社
696,株式会社結
697,有限会社エバーグリーン
698,サンライズ株式会社
699,有限会社アシスト
700,有限会社タック
701,有限会社大光
702,株式会社AMS
703,有限会社ライフサポート
704,株式会社サンシステム
705,有限会社成和
706,株式会社ペガサス
707,有限会社サン企画
708,三和株式会社
709,株式会社プレシャス
710,株式会社TAG
711,株式会社服部
712,株式会社清水
713,有限会社創和
714,株式会社ブレインズ
715,株式会社ロータス
716,有限会社三幸商事
717,有限会社ミウラ
718,株式会社アトラクト
719,株式会社藤和
720,株式会社フェイス
721,有限会社柏屋
722,株式会社T＆T
723,有限会社ミナミ
724,有限会社石川
725,有限会社山口工務店
726,株式会社アイコー
727,株式会社パル
728,有限会社司商事
729,有限会社タクミ
730,株式会社ノムラ
731,株式会社ブレイブ
732,株式会社ディライト
733,株式会社鈴木組
734,中村工業株式会社
735,株式会社トータルサービス
736,株式会社サンキ
737,株式会社すずらん
738,有限会社中村屋
739,株式会社葵
740,有限会社鈴木商事
741,有限会社林製作所
742,株式会社プラネット
743,有限会社アイビー
744,有限会社ケイテック
745,有限会社サザンクロス
746,株式会社ユーアイ
747,有限会社長谷川商店
748,株式会社三徳
749,株式会社スペック
750,有限会社グロウ
751,株式会社ハル
752,有限会社佐藤商店
753,有限会社ステラ
754,株式会社TAC
755,株式会社アイアール
756,有限会社四季
757,有限会社大和屋
758,株式会社ネクステージ
759,有限会社石井商事
760,株式会社トラストワン
761,株式会社ライトアップ
762,有限会社山田建設
763,株式会社AI
764,株式会社トリム
765,株式会社プラス・ワン
766,有限会社富士
767,株式会社アポロ
768,有限会社清水商会
769,株式会社コラボ
770,有限会社エスプリ
771,有限会社アクト
772,有限会社カワサキ
773,有限会社ライトハウス
774,有限会社ゴールド
775,ライズ株式会社
776,株式会社K＆T
777,株式会社クライス
778,株式会社輝
779,有限会社大和工業
780,株式会社エム企画
781,有限会社富士企画
782,有限会社ベストライフ
783,株式会社カワカミ
784,株式会社双葉
785,株式会社ワーク
786,株式会社キュービック
787,株式会社サンコー
788,株式会社アスト
789,株式会社グローバル
790,株式会社ムサシ
791,有限会社林商店
792,株式会社小林工業
793,株式会社TRY
794,株式会社シンク
795,株式会社キャスト
796,有限会社スタッフ
797,有限会社富士屋
798,有限会社ハート
799,株式会社スピカ
800,株式会社OZ
801,有限会社オカザキ
802,有限会社タジマ
803,株式会社HANA
804,株式会社大商
805,株式会社テラ
806,有限会社アップル
807,株式会社ファインテック
808,株式会社クオリア
809,有限会社佐藤設備
810,株式会社瑞穂
811,有限会社岡田商事
812,株式会社マエダ
813,株式会社日和
814,株式会社松本商店
815,株式会社アジャスト
816,有限会社やまと
817,株式会社そら
818,有限会社山本商店
819,有限会社中島商事
820,有限会社マルイチ
821,株式会社MK
822,有限会社若葉
823,株式会社ダックス
824,有限会社福田商店
825,有限会社シンワ
826,有限会社オグラ
827,有限会社光和
828,有限会社大野商店
829,株式会社ホライズン
830,有限会社コスミック
831,株式会社エボリューション
832,株式会社丸三
833,第一産業株式会社
834,有限会社エヌテック
835,有限会社丸喜
836,有限会社アトラス
837,有限会社ドリーム
838,有限会社吉田建設
839,有限会社太陽商事
840,株式会社みなみ
841,株式会社中村組
842,株式会社光
843,有限会社藤企画
844,株式会社鈴木商店
845,有限会社ヤマダ
846,株式会社OHANA
847,有限会社サンライフ
848,有限会社イーグル
849,株式会社アシスト
850,有限会社サンフラワー
851,株式会社ヤマグチ
852,有限会社木村工業
853,株式会社クローバー
854,有限会社みのり
855,有限会社正栄
856,株式会社ONE
857,ネクスト株式会社
858,有限会社和
859,有限会社彩
860,有限会社小林製作所
861,株式会社ビリーブ
862,株式会社ダイセン
863,有限会社サンケン
864,株式会社ビクトリー
865,株式会社ハート
866,株式会社ニューライフ
867,株式会社ササキ
868,株式会社ゼスト
869,有限会社藤田工務店
870,協和商事株式会社
871,有限会社ヤマナカ
872,有限会社中野商店
873,有限会社クエスト
874,有限会社ヒロ企画
875,有限会社大樹
876,株式会社山商
877,株式会社サニー
878,株式会社東亜
879,株式会社ティーズ
880,有限会社ナガイ
881,有限会社タケウチ
882,株式会社華
883,株式会社ミナミ
884,有限会社コーエイ
885,株式会社フルハウス
886,有限会社鈴木興業
887,株式会社リブレ
888,三和工業株式会社
889,株式会社栄和
890,有限会社三栄
891,株式会社やまと
892,株式会社アンフィニ
893,株式会社ライフサービス
894,株式会社エース
895,株式会社KSC
896,株式会社吉祥
897,株式会社WEST
898,株式会社レーベン
899,有限会社ベスト
900,有限会社ミズノ
901,株式会社アルファテック
902,有限会社大和商事
903,株式会社ブレスト
904,有限会社リープ
905,株式会社アイプランニング
906,株式会社カネコ
907,株式会社W
908,有限会社田中製作所
909,有限会社ヨシムラ
910,株式会社まごころ
911,有限会社エコー
912,株式会社メディックス
913,株式会社NOA
914,株式会社セントラル
915,株式会社TOP
916,株式会社ステップアップ
917,株式会社NEO
918,株式会社マスト
919,株式会社ABC
920,有限会社サクライ
921,有限会社清水屋
922,株式会社池田屋
923,株式会社未来
924,株式会社プラスアルファ
925,有限会社ハラダ
926,株式会社ワタナベ
927,有限会社加藤商事
928,株式会社翔栄
929,有限会社アトム
930,株式会社ブロッサム
931,株式会社協栄
932,株式会社SENSE
933,有限会社リード
934,株式会社MTS
935,有限会社ダイワ
936,協和産業株式会社
937,有限会社ダイセン
938,株式会社AOI
939,有限会社和光商事
940,株式会社ライジングサン
941,有限会社ヨシオカ
942,有限会社メイプル
943,有限会社サンユー
944,株式会社蓮
945,株式会社グランド
946,株式会社シリウス
947,株式会社大黒屋
948,株式会社三陽
949,株式会社丸幸
950,株式会社ベストライフ
951,株式会社大誠
952,有限会社インテック
953,株式会社プレジール
954,有限会社近江屋
955,有限会社明日香
956,有限会社リーフ
957,株式会社大雄
958,株式会社シーテック
959,有限会社アダチ
960,株式会社K2
961,株式会社フォルム
962,株式会社パートナーズ
963,株式会社ムラタ
964,株式会社アムール
965,株式会社加藤商店
966,株式会社ナカムラ
967,株式会社ステラ
968,株式会社渡辺工業
969,山本工業株式会社
970,有限会社クロス
971,株式会社山口工務店
972,株式会社FIT
973,株式会社エイシン
974,有限会社ベルウッド
975,有限会社富士商会
976,有限会社ヤマト
977,株式会社秀和
978,有限会社伊藤建設
979,株式会社KMC
980,株式会社オフィスK
981,株式会社田中屋
982,株式会社ハイブリッジ
983,株式会社GRACE
984,有限会社イイダ
985,富士商事株式会社
986,株式会社アイリス
987,株式会社アスリード
988,株式会社フォーユー
989,有限会社ライズ
990,株式会社ベストワン
991,株式会社ハラダ
992,株式会社山田組
993,株式会社サンシン
994,株式会社日栄
995,株式会社田中組
996,有限会社藤屋
997,有限会社カトウ
998,有限会社京屋
999,有限会社ガイア
1000,有限会社タケダ
1001,株式会社グロース
1002,株式会社アテナ
1003,有限会社カネコ
1004,株式会社三輝
1005,株式会社丸栄
1006,株式会社MAX
1007,株式会社ホンダ
1008,高橋工業株式会社
1009,株式会社ユニックス
1010,有限会社イデア
1011,株式会社ルーチェ
1012,株式会社アクア
1013,有限会社山田工務店
1014,有限会社大輝
1015,株式会社サカモト
1016,株式会社橋本
1017,有限会社マルフジ
1018,株式会社和興
1019,有限会社鈴木工業
1020,昭和工業株式会社
1021,株式会社コウセイ
1022,株式会社アサヒ
1023,有限会社アース
1024,株式会社美創
1025,旭産業株式会社
1026,株式会社タカラ
1027,有限会社ホクト
1028,株式会社ドリームワークス
1029,有限会社ビクトリー
1030,有限会社金子製作所
1031,有限会社越後屋
1032,第一建設株式会社
1033,有限会社キムラ
1034,山口建設株式会社
1035,株式会社リバティ
1036,株式会社ライズ
1037,株式会社アクセス
1038,有限会社ブライト
1039,有限会社アドヴァンス
1040,有限会社アドバンス
1041,有限会社ステップワン
1042,株式会社マツムラ
1043,有限会社中村建設
1044,株式会社リアライズ
1045,有限会社トラスト
1046,株式会社イノベーション
1047,有限会社森商事
1048,有限会社ワーク
1049,有限会社池田工業
1050,株式会社アイビー
1051,有限会社佐々木商事
1052,有限会社日商
1053,株式会社メディック
1054,有限会社高橋商会
1055,有限会社石田商店
1056,株式会社サンユウ
1057,株式会社ヒカリ
1058,株式会社山崎
1059,有限会社栄和
1060,株式会社みやび
1061,アドバンス株式会社
1062,株式会社グッドラック
1063,有限会社タイセイ
1064,株式会社マルシン
1065,株式会社グッドライフ
1066,有限会社クレスト
1067,有限会社正和
1068,有限会社ワイズ
1069,有限会社ジャスティス
1070,株式会社和光
1071,有限会社コスモス
1072,有限会社サンクリエイト
1073,株式会社わかば
1074,有限会社サンセイ
1075,有限会社大幸
1076,株式会社リンク
1077,有限会社小林
1078,株式会社三興
1079,株式会社フロントライン
1080,有限会社ミルキーウェイ
1081,有限会社ジュピター
1082,株式会社エクラ
1083,有限会社マルシン
1084,株式会社コヤマ
1085,株式会社アイテック
1086,株式会社シエル
1087,有限会社ウインズ
1088,有限会社ドリーム企画
1089,株式会社真和
1090,有限会社たなか
1091,株式会社東海
1092,有限会社富士産業
1093,有限会社双葉
1094,有限会社斉藤製作所
1095,有限会社セイワ
1096,株式会社ネクスト
1097,有限会社ユタカ
1098,株式会社山田屋
1099,有限会社エル
1100,株式会社ダイワ
1101,株式会社プレステージ
1102,株式会社アサノ
1103,株式会社秀栄
1104,有限会社葵
1105,有限会社ナカヤ
1106,株式会社大吉
1107,株式会社ハンズ
1108,第一商事株式会社
1109,有限会社明和
1110,有限会社ケイ
1111,株式会社スクラム
1112,有限会社大信
1113,有限会社青木工務店
1114,株式会社ヒロ・コーポレーション
1115,有限会社山喜
1116,有限会社竹内工務店
1117,有限会社旭屋
1118,株式会社パール
1119,有限会社山正
1120,株式会社シンコウ
1121,株式会社インフィニティー
1122,株式会社サンク
1123,有限会社長谷川製作所
1124,株式会社フィール
1125,三和建設株式会社
1126,有限会社佐々木商店
1127,有限会社コア
1128,有限会社モリタ
1129,株式会社サントラスト
1130,太陽建設株式会社
1131,有限会社山口製作所
1132,株式会社コニシ
1133,共栄工業株式会社
1134,株式会社M＆M
1135,株式会社ハーツ
1136,株式会社ブレス
1137,株式会社高橋工業
1138,有限会社吉田
1139,株式会社アルテック
1140,有限会社森商店
1141,大和株式会社
1142,株式会社サンワ
1143,有限会社三協
1144,有限会社マック
1145,田中建設株式会社
1146,有限会社アネスト
1147,株式会社サカイ
1148,有限会社山田屋
1149,株式会社KMS
1150,株式会社オーブ
1151,有限会社加藤製作所
1152,株式会社吉田
1153,株式会社リプロ
1154,株式会社大進
1155,有限会社エンゼル
1156,有限会社ジュン
1157,株式会社山田商店
1158,有限会社フィット
1159,株式会社明和
1160,株式会社高橋組
1161,有限会社池田屋
1162,有限会社林工務店
1163,株式会社ハセガワ
1164,有限会社ウイング
1165,有限会社リベラル
1166,有限会社三愛
1167,株式会社佐藤
1168,株式会社TNK
1169,株式会社愛和
1170,株式会社シバタ
1171,株式会社オアシス
1172,大東建設株式会社
1173,株式会社武蔵
1174,株式会社ZEN
1175,株式会社エージェント
1176,有限会社アプト
1177,有限会社鈴木商店
1178,株式会社ドルフィン
1179,株式会社ユウキ
1180,有限会社坂本商店
1181,株式会社アイル
1182,株式会社ハッピーライフ
1183,有限会社オンリーワン
1184,有限会社トライ
1185,株式会社大樹
1186,株式会社鈴木工業
1187,有限会社さいとう
1188,株式会社高橋工務店
1189,株式会社アルカディア
1190,株式会社K＆K
1191,株式会社三喜
1192,株式会社トキワ
1193,株式会社オカモト
1194,株式会社テクノス
1195,株式会社プラム
1196,株式会社ブレイクスルー
1197,有限会社藤田工業
1198,有限会社タチバナ
1199,有限会社藤商事
1200,株式会社エムアンドエム
1201,有限会社太田商店
1202,有限会社林商事
1203,株式会社佐藤工業
1204,株式会社ユーズ
1205,株式会社フォーチュン
1206,高橋商事株式会社
1207,有限会社木村製作所
1208,有限会社スカイ
1209,株式会社LIFE
1210,有限会社丸幸
1211,有限会社ムラタ
1212,有限会社小林商店
1213,株式会社プロテクト
1214,株式会社ホワイト
1215,有限会社ピース
1216,株式会社ウェーブ
1217,株式会社メイセイ
1218,有限会社橋本
1219,株式会社アルト
1220,株式会社楽
1221,有限会社鈴木組
1222,有限会社三陽
1223,株式会社リスペクト
1224,有限会社アーク
1225,株式会社創栄
1226,有限会社ナカジマ
1227,株式会社アドバンテージ
1228,株式会社新興
1229,アシスト株式会社
1230,株式会社山田製作所
1231,株式会社サトウ
1232,株式会社テックス
1233,株式会社泰成
1234,株式会社樹
1235,株式会社シナプス
1236,有限会社栄進
1237,株式会社ゆたか
1238,株式会社マスダ
1239,株式会社サンズ
1240,株式会社プラスワン
1241,株式会社ハイテック
1242,株式会社ヤマト
1243,有限会社東洋商事
1244,株式会社ライフワン
1245,有限会社ウイズ
1246,有限会社大成商事
1247,株式会社TRUST
1248,有限会社フォーチュン
1249,有限会社ユニバース
1250,株式会社サンユー
1251,有限会社プリズム
1252,有限会社コンパス
1253,有限会社新和
1254,株式会社ハヤシ
1255,株式会社ブルーム
1256,有限会社中村製作所
1257,株式会社クレド
1258,有限会社林工業
1259,有限会社共立
1260,株式会社フジイ
1261,有限会社中商
1262,株式会社ダイチ
1263,株式会社大貴
1264,有限会社ウィング
1265,有限会社中川商店
1266,株式会社アックス
1267,有限会社ひかり
1268,株式会社イズム
1269,株式会社レッツ
1270,株式会社ヒロ
1271,株式会社フジックス
1272,株式会社中村製作所
1273,小林商事株式会社
1274,有限会社山一
1275,株式会社マックス
1276,有限会社ジョイフル
1277,有限会社大喜
1278,株式会社創建
1279,株式会社アイホーム
1280,株式会社大翔
1281,有限会社プラネット
1282,株式会社ワークス
1283,株式会社シフト
1284,株式会社ナカジマ
1285,有限会社アミューズ
1286,有限会社みどりや
1287,株式会社フジコーポレーション
1288,株式会社サングリーン
1289,有限会社フォワード
1290,有限会社松本製作所
1291,株式会社ヒロコーポレーション
1292,株式会社スカイ
1293,有限会社アイテック
1294,株式会社山本商店
1295,株式会社アドバンス
1296,株式会社ピース
1297,株式会社石原
1298,有限会社ワタナベ
1299,株式会社ダイテック
1300,有限会社グローリー
1301,株式会社アスリート
1302,株式会社リバース
1303,株式会社リレーション
1304,有限会社高橋
1305,株式会社エル
1306,株式会社フタバ
1307,株式会社A
1308,株式会社リッツ
1309,有限会社エイコー
1310,有限会社高橋製作所
1311,有限会社宮崎商店
1312,有限会社レオ
1313,株式会社えん
1314,株式会社サンシャイン
1315,株式会社ランド
1316,株式会社アイコーポレーション
1317,株式会社ダイヤ
1318,株式会社高橋製作所
1319,有限会社アルファ
1320,株式会社伸和
1321,株式会社エンゼル
1322,有限会社オリジン
1323,株式会社飛鳥
1324,株式会社東邦
1325,有限会社リバース
1326,有限会社クローバー
1327,株式会社大新
1328,株式会社STS
1329,有限会社アイ・コーポレーション
1330,有限会社ウィズ
1331,株式会社TKコーポレーション
1332,有限会社プラス
1333,株式会社フェリス
1334,有限会社サンロード
1335,有限会社セブン
1336,株式会社マークス
1337,株式会社ベスト
1338,有限会社佐々木製作所
1339,株式会社リライアンス
1340,株式会社クラフト
1341,有限会社青木商事
1342,有限会社マイスター
1343,有限会社フジイ
1344,共栄産業株式会社
1345,有限会社エムケイ企画
1346,株式会社さくらコーポレーション
1347,株式会社ベーシック
1348,株式会社昭栄
1349,株式会社タムラ
1350,株式会社和
1351,株式会社ユーシン
1352,有限会社中村工業
1353,株式会社オガワ
1354,有限会社藤商
1355,有限会社あけぼの
1356,株式会社小林組
1357,株式会社ナカガワ
1358,株式会社リフレ
1359,有限会社井上建設
1360,株式会社ライブ
1361,有限会社ヤマシタ
1362,有限会社伊藤製作所
1363,昭和産業株式会社
1364,株式会社アップ
1365,有限会社長谷川
1366,株式会社マサキ
1367,株式会社K＆M
1368,株式会社エターナル
1369,東洋産業株式会社
1370,有限会社三貴
1371,有限会社ナック
1372,有限会社エース
1373,株式会社飛翔
1374,株式会社エフ
1375,株式会社グロー
1376,有限会社アウル
1377,株式会社豊
1378,有限会社リンクス
1379,株式会社ダイイチ
1380,有限会社フレンド
1381,株式会社ヒラノ
1382,株式会社アオキ
1383,株式会社アゲイン
1384,株式会社佐藤建設
1385,有限会社清水製作所
1386,株式会社丸忠
1387,共栄建設株式会社
1388,有限会社中山商店
1389,株式会社山田工務店
1390,株式会社ウィード
1391,株式会社エスプリ
1392,株式会社レグルス
1393,有限会社ヤマデン
1394,株式会社友愛
1395,株式会社クリエイト
1396,株式会社空
1397,有限会社ルミエール
1398,株式会社クリア
1399,有限会社アムール
1400,株式会社井上商店
1401,有限会社アステック
1402,有限会社モア
1403,有限会社伸栄
1404,有限会社共生
1405,株式会社コンパス
1406,有限会社ランドマーク
1407,株式会社ニシムラ
1408,東洋興産株式会社
1409,有限会社サン商事
1410,株式会社TKG
1411,株式会社山本
1412,有限会社みどり
1413,株式会社カノン
1414,株式会社MSC
1415,有限会社朝日商事
1416,有限会社大塚工業
1417,有限会社カワグチ
1418,株式会社デルタ
1419,株式会社コーエイ
1420,株式会社エルム
1421,株式会社ワイエス
1422,株式会社ライフステージ
1423,株式会社アスク
1424,有限会社近藤商店
1425,株式会社キング
1426,株式会社共進
1427,有限会社オカダ
1428,株式会社ノア
1429,有限会社グロース
1430,株式会社ハーモニー
1431,株式会社アイシス
1432,有限会社アイワ
1433,株式会社インサイト
1434,株式会社シミズ
1435,株式会社あおば
1436,株式会社YAMATO
1437,株式会社アトラス
1438,有限会社テクニカ
1439,株式会社メイク
1440,株式会社タカハシ
1441,株式会社ラポール
1442,株式会社オリエンタル
1443,有限会社ラック
1444,株式会社グランツ
1445,株式会社NEXUS
1446,有限会社ユニテック
1447,株式会社コトブキ
1448,有限会社秋山商店
1449,有限会社フジヤ
1450,株式会社フューチャー
1451,有限会社ハッピーライフ
1452,有限会社ハンズ
1453,株式会社大栄
1454,株式会社ウイング
1455,有限会社鈴木工務店
1456,株式会社トライズ
1457,有限会社ダイテック
1458,有限会社イシカワ
1459,有限会社佐藤産業
1460,有限会社高橋建設
1461,株式会社こころ
1462,有限会社オークス
1463,株式会社ブルーオーシャン
1464,有限会社ひまわり
1465,株式会社H＆K
1466,株式会社一心
1467,有限会社中島商店
1468,株式会社松栄
1469,有限会社ジェネシス
1470,有限会社オーシャン
1471,太陽商事株式会社
1472,株式会社新栄
1473,有限会社真和
1474,有限会社ハヤカワ
1475,株式会社ミズノ
1476,株式会社山善
1477,有限会社オーテック
1478,有限会社ミヤザキ
1479,株式会社ウイン
1480,エムテック株式会社
1481,有限会社ヒロ
1482,有限会社ベル
1483,株式会社ロイヤル
1484,有限会社朋友
1485,株式会社ファクト
1486,有限会社シルクロード
1487,株式会社トップス
1488,株式会社オリーブ
1489,有限会社旭
1490,株式会社クリエイティブ
1491,有限会社ウィン
1492,株式会社クロノス
1493,有限会社斉藤工業
1494,有限会社フリーダム
1495,株式会社プラウド
1496,株式会社アーネスト
1497,株式会社山久
1498,有限会社マルタ
1499,有限会社太陽
1500,株式会社大日
1501,株式会社KIZUNA
1502,有限会社ティーズ
1503,株式会社AXIS
1504,株式会社アビリティ
1505,株式会社S＆S
1506,株式会社コンセプト
1507,有限会社モリヤ
1508,有限会社マツオカ
1509,有限会社岩崎商店
1510,有限会社ヨコヤマ
1511,株式会社マツイ
1512,株式会社マック
1513,株式会社ファーム
1514,株式会社TMK
1515,株式会社オーパス
1516,株式会社丸善
1517,有限会社イースト
1518,株式会社LEAD
1519,株式会社丸正
1520,有限会社トリニティ
1521,株式会社ループ
1522,有限会社アッシュ
1523,株式会社蔵
1524,株式会社アトム
1525,株式会社プロフィット
1526,株式会社アクシア
1527,有限会社ケイアンドケイ
1528,有限会社アンジュ
1529,有限会社エイシン
1530,有限会社玉屋
1531,有限会社石井商店
1532,有限会社ライフワーク
1533,佐藤商事株式会社
1534,有限会社松屋
1535,株式会社ありがとう
1536,有限会社スクエア
1537,有限会社なかむら
1538,株式会社クリスタル
1539,有限会社ライフサービス
1540,株式会社加藤
1541,株式会社F
1542,有限会社アルク
1543,吉田建設株式会社
1544,株式会社プロシード
1545,株式会社アイコム
1546,株式会社グローリー
1547,有限会社伊藤組
1548,株式会社SKコーポレーション
1549,株式会社ナイス
1550,株式会社泉
1551,株式会社オールウェイズ
1552,有限会社宏和
1553,有限会社寿屋
1554,株式会社SEED
1555,株式会社リベロ
1556,株式会社ジャスティス
1557,有限会社村田商店
1558,有限会社幸栄
1559,有限会社大栄産業
1560,有限会社モリ
1561,有限会社加藤商店
1562,有限会社マルタカ
1563,有限会社エムツー
1564,株式会社タナベ
1565,株式会社SAKURA
1566,有限会社メビウス
1567,株式会社マハロ
1568,株式会社キムラ
1569,株式会社井上
1570,有限会社アサノ
1571,株式会社アイワ
1572,株式会社共和
1573,有限会社エムアンドエム
1574,有限会社大和建設
1575,株式会社TAKE
1576,株式会社ひかり
1577,有限会社遠藤工業
1578,有限会社ヤマキ
1579,有限会社小林工業
1580,株式会社オレンジ
1581,有限会社サクシード
1582,有限会社アリス
1583,株式会社アイランド
1584,有限会社高橋工業
1585,有限会社秀和
1586,株式会社テイク
1587,株式会社佐藤商店
1588,有限会社ビッグ
1589,株式会社クリエート
1590,松本建設株式会社
1591,有限会社松本建設
1592,株式会社東和
1593,有限会社シンコー
1594,有限会社サンキ
1595,有限会社エムアンドエス
1596,株式会社大志
1597,有限会社プロシード
1598,株式会社レオン
1599,株式会社ウイル
1600,株式会社エムテック
1601,有限会社ミツワ
1602,株式会社インプルーブ
1603,株式会社誠和
1604,有限会社吉田屋
1605,株式会社フォレスト
1606,株式会社佐々木工務店
1607,株式会社コーワ
1608,株式会社フォルテ
1609,有限会社アイランド
1610,株式会社エイコー
1611,有限会社フェイス
1612,株式会社ウェル
1613,株式会社大創
1614,株式会社インフィニティ
1615,有限会社クラフト
1616,日東商事株式会社
1617,有限会社ウィッシュ
1618,有限会社創研
1619,有限会社みらい
1620,有限会社栄
1621,株式会社マツモト
1622,有限会社山崎建設
1623,有限会社アイリス
1624,有限会社富士商事
1625,有限会社三共
1626,有限会社イトウ
1627,株式会社マルセイ
1628,三栄工業株式会社
1629,有限会社共和
1630,株式会社ヒューマン
1631,株式会社一
1632,株式会社テイクオフ
1633,有限会社ハピネス
1634,有限会社ゼロ
1635,有限会社エムテック
1636,有限会社ワコー
1637,株式会社オーキッド
1638,山田工業株式会社
1639,株式会社ナカノ
1640,株式会社コムテック
1641,株式会社トリニティー
1642,有限会社トライアングル
1643,株式会社木村商店
1644,有限会社アイコー
1645,株式会社新生
1646,有限会社斎藤商店
1647,有限会社コマツ
1648,有限会社山田商会
1649,有限会社キタムラ
1650,株式会社TSK
1651,有限会社井上工務店
1652,株式会社K’s
1653,株式会社ゼロ
1654,有限会社アート
1655,有限会社平和商事
1656,株式会社MIC
1657,株式会社池田商店
1658,有限会社菊屋
1659,有限会社木村商店
1660,田中産業株式会社
1661,株式会社伊藤工務店
1662,株式会社美建
1663,株式会社K
1664,株式会社ベルテック
1665,有限会社扇屋
1666,有限会社木村商事
1667,株式会社ファイブスター
1668,有限会社桂
1669,有限会社佐藤商事
1670,株式会社MIYABI
1671,株式会社スズキ
1672,株式会社ケイテック
1673,株式会社エグゼ
1674,有限会社鈴木産業
1675,大栄工業株式会社
1676,株式会社インプレス
1677,有限会社中村商事
1678,株式会社KTS
1679,株式会社オーシャンズ
1680,株式会社ヤマイチ
1681,有限会社イワサキ
1682,株式会社フリースタイル
1683,有限会社富士工業
1684,株式会社ダイキ
1685,株式会社きずな
1686,株式会社京和
1687,有限会社レックス
1688,株式会社フジケン
1689,株式会社昇栄
1690,株式会社渡辺
1691,株式会社Link
1692,株式会社マルナカ
1693,株式会社ケンテック
1694,株式会社あすか
1695,株式会社RISE
1696,株式会社テクノ
1697,エステック株式会社
1698,株式会社ミネルヴァ
1699,株式会社アクアテック
1700,株式会社雅
1701,株式会社マルイチ
1702,株式会社ひなた
1703,有限会社阿部商店
1704,有限会社ケイアイ
1705,株式会社アズ
1706,清水工業株式会社
1707,株式会社グッドワン
1708,有限会社シバタ
1709,株式会社アンビシャス
1710,株式会社リエゾン
1711,株式会社ウインズ
1712,有限会社アクシス
1713,株式会社栄光
1714,有限会社タナカ
1715,株式会社夢
1716,有限会社キューブ
1717,株式会社みずほ
1718,有限会社小林工業所
1719,株式会社夢工房
1720,株式会社H＆M
1721,株式会社クリエイション
1722,有限会社石川工務店
1723,株式会社TKC
1724,株式会社ヨコヤマ
1725,株式会社NSK
1726,有限会社ユウキ
1727,株式会社田中商事
1728,株式会社HIT
1729,株式会社モノリス
1730,株式会社ビーンズ
1731,有限会社エフテック
1732,有限会社フジワラ
1733,株式会社あおぞら
1734,株式会社サークル
1735,有限会社タイム
1736,株式会社グローアップ
1737,有限会社佐藤工務店
1738,株式会社タイヨー
1739,株式会社M＆S
1740,株式会社サクラ
1741,株式会社善
1742,有限会社サイトウ
1743,株式会社オンリーワン
1744,株式会社日昇
1745,株式会社サンフィールド
1746,株式会社ライフライン
1747,株式会社オネスト
1748,有限会社鈴屋
1749,有限会社サワダ
1750,有限会社三友商事
1751,有限会社東和
1752,有限会社エポック
1753,有限会社ナカニシ
1754,有限会社日栄
1755,有限会社カインド
1756,有限会社オリオン
1757,有限会社伊藤商会
1758,株式会社オリエント
1759,株式会社サンライズ
1760,有限会社クリエイト
1761,株式会社マルサン
1762,株式会社マルエイ
1763,株式会社前田商店
1764,有限会社山本工務店
1765,富士工業株式会社
1766,株式会社イズミ
1767,有限会社山崎
1768,株式会社ステージ
1769,株式会社大雅
1770,有限会社マルサン
1771,株式会社サンエイ
1772,株式会社創新
1773,有限会社藤田商店
1774,有限会社山田工業
1775,株式会社ユナイト
1776,有限会社アズマ
1777,有限会社ウィル
1778,有限会社橋本工務店
1779,株式会社SSS
1780,有限会社コスモ
1781,株式会社新和
1782,朝日商事株式会社
1783,有限会社石川工業
1784,有限会社プログレス
1785,株式会社サンフラワー
1786,有限会社オクムラ
1787,株式会社サイトー
1788,有限会社田中屋
1789,株式会社グリーンテック
1790,有限会社クリスタル
1791,株式会社三貴
1792,株式会社つなぐ
1793,有限会社ストリーム
1794,株式会社丸高
1795,株式会社西村
1796,有限会社中村商店
1797,有限会社タカギ
1798,株式会社ランドマーク
1799,株式会社トラスト
1800,有限会社さくら
1801,有限会社小林工務店
1802,株式会社サクライ
1803,有限会社グリーンライフ
1804,有限会社山口建設
1805,有限会社山本商事
1806,株式会社キューブ
1807,株式会社サンケン
1808,株式会社サンテクノ
1809,有限会社パル
1810,株式会社ミライ
1811,株式会社オオツカ
1812,株式会社山崎工業
1813,有限会社ワークス
1814,有限会社ライトスタッフ
1815,株式会社ライトハウス
1816,株式会社ユース
1817,株式会社フェリーチェ
1818,有限会社サカエ
1819,大和工業株式会社
1820,株式会社ジャスト
1821,株式会社Y’s
1822,株式会社トーヨー
1823,株式会社富士商会
1824,株式会社REAL
1825,株式会社創美
1826,有限会社いとう
1827,株式会社藤建
1828,有限会社アスク
1829,株式会社東建
1830,株式会社コーシン
1831,株式会社エム
1832,株式会社みのり
1833,有限会社サカモト
1834,有限会社シオン
1835,株式会社エビス
1836,株式会社マルコ
1837,有限会社ハーモニー
1838,株式会社加藤組
1839,有限会社田中商事
1840,東和工業株式会社
1841,株式会社Kコーポレーション
1842,有限会社エス企画
1843,株式会社クレイン
1844,株式会社システック
1845,富士産業株式会社
1846,株式会社ブルースカイ
1847,有限会社マスダ
1848,有限会社共栄産業
1849,株式会社ステップワン
1850,株式会社コスミック
1851,株式会社ウチダ
1852,有限会社アート企画
1853,株式会社さくら
1854,有限会社コバヤシ
1855,株式会社プリズム
1856,株式会社インターフェイス
1857,株式会社エイワ
1858,有限会社清水工業
1859,株式会社マルニ
1860,株式会社井上工業
1861,有限会社アサヒ
1862,株式会社アイネット
1863,株式会社イング
1864,有限会社アクセル
1865,株式会社ユニゾン
1866,株式会社ZERO
1867,有限会社栄商事
1868,株式会社ALIVE
1869,有限会社丸善
1870,有限会社ビジネスサポート
1871,株式会社豊栄
1872,有限会社リバティー
1873,株式会社コウエイ
1874,株式会社アクティブ
1875,株式会社ユニティ
1876,有限会社プラス・ワン
1877,株式会社イマジン
1878,株式会社大幸
1879,株式会社イデアル
1880,株式会社令和
1881,株式会社木村工業
1882,有限会社ジュネス
1883,株式会社イデア
1884,有限会社レインボー
1885,株式会社マルカ
1886,株式会社大建
1887,株式会社三共
1888,有限会社三和商会
1889,有限会社ブロス
1890,株式会社アクロス
1891,株式会社一期一会
1892,株式会社ユニバース
1893,有限会社クリーンサービス
1894,有限会社ブルーム
1895,有限会社渡辺工業
1896,株式会社トーケン
1897,株式会社トレジャー
1898,株式会社サンクチュアリ
1899,有限会社フォレスト
1900,株式会社ユニコム
1901,株式会社アークス
1902,有限会社タカハシ
1903,有限会社小林建設
1904,株式会社カワシマ
1905,株式会社クライム
1906,株式会社伊藤商店
1907,株式会社フルール
1908,有限会社フジコーポレーション
1909,株式会社ヴェルデ
1910,有限会社ムラカミ
1911,株式会社アローズ
1912,有限会社山本組
1913,株式会社日興
1914,株式会社ウィズダム
1915,株式会社英
1916,株式会社Roots
1917,有限会社和光
1918,有限会社マコト
1919,有限会社鈴木商会
1920,有限会社中村組
1921,有限会社アネックス
1922,株式会社ライフクリエイト
1923,株式会社リブラ
1924,株式会社グレース
1925,有限会社永和
1926,有限会社新栄
1927,株式会社吉田工業
1928,有限会社光陽
1929,有限会社シーズ
1930,アイテック株式会社
1931,有限会社フレックス
1932,有限会社吉田工務店
1933,株式会社中村屋
1934,株式会社アリス
1935,株式会社トータルサポート
1936,有限会社新栄商事
1937,有限会社タムラ
1938,株式会社サンセイ
1939,有限会社トキワ
1940,有限会社つるや
1941,有限会社ダイシン
1942,株式会社イシイ
1943,有限会社三喜
1944,有限会社イシイ
1945,有限会社マルミ
1946,有限会社美光
1947,株式会社吉建
1948,株式会社センチュリー
1949,有限会社メイク
1950,株式会社OWL
1951,有限会社サンライト
1952,有限会社ケイアンドエム
1953,有限会社ナカヤマ
1954,株式会社オズ
1955,株式会社NKコーポレーション
1956,株式会社ハピネス
1957,株式会社ニューテック
1958,有限会社ワールド企画
1959,大成工業株式会社
1960,株式会社クレオ
1961,株式会社佐々木工業
1962,有限会社サンテクノ
1963,株式会社フォース
1964,株式会社MSK
1965,有限会社あすか
1966,株式会社ゼロワン
1967,有限会社ホクシン
1968,有限会社ウエスト
1969,株式会社EST
1970,有限会社イング
1971,有限会社藤
1972,株式会社ヨコタ
1973,株式会社光洋
1974,有限会社三徳
1975,有限会社マックス
1976,有限会社ユニバーサル
1977,有限会社グリーンフィールド
1978,有限会社創美
1979,有限会社オービット
1980,株式会社豊和
1981,有限会社山久
1982,株式会社イースト
1983,株式会社清水工務店
1984,東和商事株式会社
1985,有限会社平成
1986,株式会社アンサー
1987,株式会社オリオン
1988,有限会社エーワン
1989,株式会社リンクス
1990,有限会社伊藤商店
1991,有限会社グランディール
1992,株式会社田中工業
1993,加藤建設株式会社
1994,有限会社ヨシノ
1995,株式会社クレセント
1996,株式会社大和建設
1997,株式会社クレール
1998,有限会社プロテック
1999,有限会社アーバンライフ
2000,株式会社あおい
2001,有限会社クレッシェンド
2002,有限会社アライ
2003,株式会社ベネフィット
2004,株式会社栄進
2005,株式会社フォーシーズン
2006,中央建設株式会社
2007,有限会社ハッピー
2008,有限会社松栄
2009,株式会社エイム
2010,株式会社アオイ
2011,株式会社ナガイ
2012,株式会社ビルド
2013,有限会社大倉
2014,株式会社イスト
2015,大成商事株式会社
2016,株式会社セカンド
2017,株式会社昭和
2018,有限会社インフィニティ
2019,有限会社ファースト
2020,有限会社フォース
2021,株式会社フジタ
2022,株式会社寿
2023,株式会社サンクス
2024,有限会社ケイ・コーポレーション
2025,株式会社エステック
2026,株式会社みどり
2027,有限会社パステル
2028,株式会社アールテック
2029,有限会社オフィス・ケイ
2030,有限会社ラポール
2031,有限会社橋本製作所
2032,株式会社リボーン
2033,株式会社シンエイ
2034,株式会社BLOOM
2035,株式会社ジャック
2036,有限会社美和
2037,有限会社匠
2038,株式会社桜
2039,有限会社インパクト
2040,株式会社大徳
2041,株式会社長谷川
2042,有限会社ピュア
2043,株式会社マルワ
2044,株式会社JIN
2045,株式会社ケーツー
2046,有限会社萬屋
2047,有限会社ダイチ
2048,株式会社ファイン
2049,株式会社伊藤製作所
2050,株式会社オーテック
2051,有限会社伊藤工業
2052,有限会社岡本
2053,有限会社ホープ
2054,株式会社大松
2055,株式会社タチバナ
2056,株式会社たんぽぽ
2057,有限会社井上工業
2058,株式会社ナガノ
2059,有限会社夢工房
2060,有限会社サンエー
2061,有限会社シンエイ
2062,株式会社創
2063,株式会社アイエヌジー
2064,株式会社イノウエ
2065,株式会社ING
2066,有限会社シンセイ
2067,株式会社アート
2068,株式会社ジェイズ
2069,株式会社R
2070,株式会社スマイル
2071,株式会社サンエー
2072,有限会社サンフーズ
2073,株式会社GEN
2074,株式会社陽光
2075,株式会社ヨシケン
2076,株式会社タスク
2077,株式会社アーバン
2078,株式会社エナジー
2079,株式会社アルテミス
2080,有限会社アスト
2081,有限会社アイエス
2082,株式会社SK
2083,株式会社七福
2084,有限会社大成
2085,有限会社佐藤興業
2086,株式会社ファミーユ
2087,株式会社ジーテック
2088,株式会社ブラン
2089,株式会社コジマ
2090,有限会社大松
2091,株式会社TMC
2092,有限会社マルヨシ
2093,有限会社中央商事
2094,株式会社TMコーポレーション
2095,株式会社S
2096,有限会社サンテック
2097,株式会社スタート
2098,株式会社グロウ
2099,株式会社STEP
2100,株式会社三宝
2101,有限会社ノムラ
2102,株式会社タカミ
2103,有限会社石川製作所
2104,有限会社雅
2105,有限会社アズ
2106,株式会社コーヨー
2107,株式会社リアン
2108,有限会社クレイン
2109,株式会社ウエスト
2110,株式会社GREEN
2111,株式会社ブライト
2112,株式会社スリーエス
2113,株式会社ダイニチ
2114,有限会社エターナル
2115,株式会社フジテック
2116,株式会社シンテック
2117,株式会社ドリームファクトリー
2118,有限会社マルヤマ
2119,株式会社フレックス
2120,有限会社トータス
2121,株式会社ATS
2122,株式会社ミウラ
2123,株式会社タイム
2124,株式会社ケイエス
2125,株式会社池田
2126,株式会社ジパング
2127,株式会社ネクストステージ
2128,株式会社メビウス
2129,有限会社アイコーポレーション
2130,有限会社丸正
2131,株式会社めぐみ
2132,株式会社光陽
2133,有限会社エクセル
2134,株式会社清水商店
2135,株式会社アンジュ
2136,株式会社オービット
2137,株式会社オリジン
2138,有限会社田中商店
2139,株式会社プラス
2140,有限会社コスモ企画
2141,株式会社ケイズ
2142,有限会社ジャスト
2143,有限会社アイ
2144,有限会社前田商店
2145,有限会社ライフ
2146,株式会社キタムラ
2147,有限会社アマノ
2148,株式会社スタイル
2149,有限会社エスポワール
2150,株式会社アドニス
2151,有限会社スペース
2152,株式会社イトウ
2153,株式会社スリーアローズ
2154,有限会社ヒロセ
2155,有限会社プラスワン
2156,有限会社アイシン
2157,有限会社ナイス
2158,有限会社ヤマモト
2159,田中工業株式会社
2160,株式会社タック
2161,株式会社アース
2162,株式会社東洋
2163,株式会社オーシャン
2164,株式会社タケダ
2165,有限会社まつや
2166,株式会社創研
2167,株式会社楓
2168,有限会社山本建設
2169,株式会社トーホー
