name,kana,romanized,sex
光宏,みつひろ,mitsuhiro,その他・不明
和憲,かずのり,kazunori,その他・不明
亮太,りょうた,ryouta,その他・不明
麻理,まり,mari,その他・不明
尚之,ひさし,hisashi,その他・不明
友博,ともひろ,tomohiro,その他・不明
美保,みほ,miho,その他・不明
和彰,かずあき,kazuaki,その他・不明
友洋,ともひろ,tomohiro,その他・不明
絢子,じゅんこ,junko,その他・不明
辰雄,たつお,tatsuo,その他・不明
太介,だいすけ,daisuke,その他・不明
昇平,しょうへい,shouhei,その他・不明
陽香,はるか,haruka,その他・不明
賢三,けんぞう,kenzou,その他・不明
香織,かおり,kaori,その他・不明
俊行,としゆき,toshiyuki,その他・不明
敏夫,としお,toshio,その他・不明
珠未,たまみ,tamami,その他・不明
郷,ごう,gou,その他・不明
美菜,みな,mina,その他・不明
智大,ともひろ,tomohiro,その他・不明
夕子,ゆうこ,yuuko,その他・不明
洋平,ようへい,youhei,その他・不明
匠,たくみ,takumi,その他・不明
可菜,かな,kana,その他・不明
正臣,まさおみ,masaomi,その他・不明
義雄,よしお,yoshio,その他・不明
真一郎,しんいちろう,shin'ichirou,その他・不明
立,たつ,tatsu,その他・不明
義範,よしのり,yoshinori,その他・不明
務,つとむ,tsutomu,その他・不明
晃一,こういち,kouichi,その他・不明
真浩,まさひろ,masahiro,その他・不明
雅一,まさかず,masakazu,その他・不明
正樹,まさき,masaki,その他・不明
尚文,なおふみ,naofumi,その他・不明
ゆい,ゆい,yui,その他・不明
円香,まどか,madoka,その他・不明
暁子,あきこ,akiko,その他・不明
守,まもる,mamoru,その他・不明
正吉,まさよし,masayoshi,その他・不明
ヒロミ,ひろみ,hiromi,その他・不明
貴臣,たかおみ,takaomi,その他・不明
勝士,まさし,masashi,その他・不明
秀司,しゅうじ,shuuji,その他・不明
怜,れい,rei,その他・不明
正義,せいぎ,seigi,その他・不明
勇太郎,ゆうたろう,yuutarou,その他・不明
なぎさ,なぎさ,nagisa,その他・不明
あい,あい,ai,その他・不明
厚子,あつこ,atsuko,その他・不明
雪乃,ゆきの,yukino,その他・不明
竜矢,たつや,tatsuya,その他・不明
妙子,たえこ,taeko,その他・不明
昭治,しょうじ,shouji,その他・不明
慎,まこと,makoto,その他・不明
秀雄,ひでお,hideo,その他・不明
優介,ゆうすけ,yuusuke,その他・不明
佐知子,さちこ,sachiko,その他・不明
浩樹,ひろき,hiroki,その他・不明
雅弘,まさひろ,masahiro,その他・不明
祐太,ゆうた,yuuta,その他・不明
清,きよし,kiyoshi,その他・不明
良輔,りょうすけ,ryousuke,その他・不明
朋代,ともよ,tomoyo,その他・不明
善光,よしみつ,yoshimitsu,その他・不明
俊樹,としき,toshiki,その他・不明
周子,ちかこ,chikako,その他・不明
和巳,かずみ,kazumi,その他・不明
利雄,としお,toshio,その他・不明
浩徳,ひろのり,hironori,その他・不明
政孝,まさたか,masataka,その他・不明
文代,ふみよ,fumiyo,その他・不明
里恵,りえ,rie,その他・不明
哲史,さとし,satoshi,その他・不明
隆太,りゅうた,ryuuta,その他・不明
有記,ゆき,yuki,その他・不明
圭,けい,kei,その他・不明
靖之,やすゆき,yasuyuki,その他・不明
早紀,さき,saki,その他・不明
政弘,まさひろ,masahiro,その他・不明
徳久,とくひさ,tokuhisa,その他・不明
貴幸,たかゆき,takayuki,その他・不明
敏幸,としゆき,toshiyuki,その他・不明
俊宏,としひろ,toshihiro,その他・不明
章博,あきひろ,akihiro,その他・不明
将英,まさひで,masahide,その他・不明
あや,あや,aya,その他・不明
知則,とものり,tomonori,その他・不明
宗一,そういち,souichi,その他・不明
晋一,しんいち,shin'ichi,その他・不明
知香,ちか,chika,その他・不明
宏行,ひろゆき,hiroyuki,その他・不明
まい,まい,mai,その他・不明
諒,りょう,ryou,その他・不明
琴,こと,koto,その他・不明
敏恵,としえ,toshie,その他・不明
竜,たつ,tatsu,その他・不明
篤志,あつし,atsushi,その他・不明
佳司,けいじ,keiji,その他・不明
英彰,ひであき,hideaki,その他・不明
泰則,よしのり,yoshinori,その他・不明
恵一郎,けいいちろう,keiichirou,その他・不明
まどか,まどか,madoka,その他・不明
景子,けいこ,keiko,その他・不明
繁樹,しげき,shigeki,その他・不明
志保子,しほこ,shihoko,その他・不明
大喜,だいき,daiki,その他・不明
太陽,たいよう,taiyou,その他・不明
洋司,ひろし,hiroshi,その他・不明
明史,あきふみ,akifumi,その他・不明
将隆,まさたか,masataka,その他・不明
陽子,ようこ,youko,その他・不明
忠幸,ただゆき,tadayuki,その他・不明
好文,よしふみ,yoshifumi,その他・不明
康介,やすゆき,yasuyuki,その他・不明
しょうこ,しょうこ,shouko,その他・不明
創,はじめ,hajime,その他・不明
咲,さき,saki,その他・不明
寛子,ひろこ,hiroko,その他・不明
紗代,さよ,sayo,その他・不明
将浩,まさひろ,masahiro,その他・不明
美奈子,みなこ,minako,その他・不明
千晴,ちはる,chiharu,その他・不明
正吾,しょうご,shougo,その他・不明
智春,ちはる,chiharu,その他・不明
泰子,やすこ,yasuko,その他・不明
佳,けい,kei,その他・不明
正道,まさみち,masamichi,その他・不明
孝太郎,こうたろう,koutarou,その他・不明
あかり,あかり,akari,その他・不明
圭子,けいこ,keiko,その他・不明
佳世,かよ,kayo,その他・不明
哲哉,てつや,tetsuya,その他・不明
英子,ひでこ,hideko,その他・不明
りお,りお,rio,その他・不明
有里,ゆり,yuri,その他・不明
弘子,ひろこ,hiroko,その他・不明
正子,まさこ,masako,その他・不明
謙一郎,けんいちろう,ken'ichirou,その他・不明
葉子,ようこ,youko,その他・不明
英昭,ひであき,hideaki,その他・不明
一則,かずのり,kazunori,その他・不明
美知子,みちこ,michiko,その他・不明
光一,こういち,kouichi,その他・不明
浩二,こうじ,kouji,その他・不明
愛実,まなみ,manami,女
未帆,みほ,miho,女
睦子,むつこ,mutsuko,女
輝美,てるよし,teruyoshi,女
麻子,あさこ,asako,女
万希子,まきこ,makiko,女
千裕,ちひろ,chihiro,女
杏子,きょうこ,kyouko,女
惇子,じゅんこ,junko,女
奈美,なみ,nami,女
侑樹,ゆうき,yuuki,女
希世子,きよこ,kiyoko,女
あづさ,あづさ,azusa,女
みちよ,みちよ,michiyo,女
照代,てるよ,teruyo,女
理恵子,りえこ,rieko,女
奈緒子,なおこ,naoko,女
美菜子,みなこ,minako,女
志帆,しほ,shiho,女
奈々,なな,nana,女
真智子,まちこ,machiko,女
千穂,ちほ,chiho,女
良美,よしみ,yoshimi,女
蘭子,らんこ,ranko,女
彩花,あやか,ayaka,女
福子,さちこ,sachiko,女
香苗,かなえ,kanae,女
貴恵,たかえ,takae,女
ひろの,ひろの,hirono,女
千晶,ちあき,chiaki,女
美波,みなみ,minami,女
彩加,あやか,ayaka,女
公代,ひろよ,hiroyo,女
かおる,かおる,kaoru,女
あやみ,あやみ,ayami,女
みさき,みさき,misaki,女
範子,のりこ,noriko,女
早智子,さちこ,sachiko,女
紀恵,のりえ,norie,女
佳恵,よしえ,yoshie,女
亜美,あみ,ami,女
樹里,じゅり,juri,女
好子,よしこ,yoshiko,女
唯,ゆい,yui,女
悦子,えつこ,etsuko,女
慶美,よしみ,yoshimi,女
牧子,まきこ,makiko,女
梨江,りえ,rie,女
沙也佳,さやか,sayaka,女
佳寿美,かすみ,kasumi,女
昌子,まさこ,masako,女
光世,こうせい,kousei,女
のどか,のどか,nodoka,女
智明,ともあき,tomoaki,女
春,はる,haru,女
真帆,まほ,maho,女
真梨,まり,mari,女
令子,れいこ,reiko,女
真貴,まき,maki,女
あずさ,あずさ,azusa,女
康恵,やすえ,yasue,女
智世,ちせ,chise,女
千穂子,ちほこ,chihoko,女
和貴子,わきこ,wakiko,女
きみよ,きみよ,kimiyo,女
雅美,まさみ,masami,女
愛弓,あゆみ,ayumi,女
久仁子,くにこ,kuniko,女
真琴,まこと,makoto,女
倫世,みちよ,michiyo,女
るみ,るみ,rumi,女
由美子,ゆみこ,yumiko,女
温子,あつこ,atsuko,女
良恵,よしえ,yoshie,女
麻理子,まりこ,mariko,女
美由紀,みゆき,miyuki,女
茂美,しげみ,shigemi,女
麻貴,まき,maki,女
江利子,えりこ,eriko,女
さくら,さくら,sakura,女
晴美,はるみ,harumi,女
泉,いずみ,izumi,女
優衣,ゆい,yui,女
絵里香,えりか,erika,女
知佳,ちか,chika,女
美紀子,みきこ,mikiko,女
乃里子,のりこ,noriko,女
美穂子,みほこ,mihoko,女
裕美,ゆみ,yumi,女
侑希,ゆき,yuki,女
薫子,かおるこ,kaoruko,女
祐美,ゆみ,yumi,女
真弥,しんや,shinya,女
はる香,はるか,haruka,女
聖美,さとみ,satomi,女
鮎美,あゆみ,ayumi,女
和佳子,わかこ,wakako,女
梨菜,りな,rina,女
勝子,まさこ,masako,女
敏子,としこ,toshiko,女
千賀子,ちかこ,chikako,女
佳代,かよ,kayo,女
喜子,よしこ,yoshiko,女
由紀,ゆき,yuki,女
真梨子,まりこ,mariko,女
知里,ちさと,chisato,女
いづみ,いづみ,izumi,女
美那子,みなこ,minako,女
里実,さとみ,satomi,女
のりこ,のりこ,noriko,女
千恵美,ちえみ,chiemi,女
香緒里,かおり,kaori,女
麻里子,まりこ,mariko,女
文美,あやみ,ayami,女
千佳,ちか,chika,女
倫子,のりこ,noriko,女
晴海,はるみ,harumi,女
愛加,あいか,aika,女
暖,だん,dan,女
記代,きよ,kiyo,女
霞,かすみ,kasumi,女
智香,ともか,tomoka,女
操,みさお,misao,女
恵里,えり,eri,女
咲子,さきこ,sakiko,女
かおり,かおり,kaori,女
亜沙美,あさみ,asami,女
香菜,かな,kana,女
美和子,みわこ,miwako,女
ゆきえ,ゆきえ,yukie,女
千寿子,ちずこ,chizuko,女
秋子,あきこ,akiko,女
万里絵,まりえ,marie,女
奈津代,なつよ,natsuyo,女
さゆり,さゆり,sayuri,女
綾佳,あやか,ayaka,女
久美,くみ,kumi,女
朝美,あさみ,asami,女
明香,さやか,sayaka,女
さとこ,さとこ,satoko,女
夕貴,ゆき,yuki,女
瑠奈,るな,runa,女
伊津子,いつこ,itsuko,女
春美,はるみ,harumi,女
裕香,ゆか,yuka,女
知香子,ちかこ,chikako,女
結香,ゆか,yuka,女
史織,しおり,shiori,女
沙苗,さなえ,sanae,女
絵梨,えり,eri,女
美栄子,みえこ,mieko,女
由貴,よしたか,yoshitaka,女
和世,かずよ,kazuyo,女
庸子,ようこ,youko,女
瑞穂,みずほ,mizuho,女
悠理,ゆうり,yuuri,女
はるか,はるか,haruka,女
瑛子,えいこ,eiko,女
真未,まみ,mami,女
佳世子,かよこ,kayoko,女
佳奈子,かなこ,kanako,女
淳美,あつみ,atsumi,女
ますみ,ますみ,masumi,女
真喜子,まきこ,makiko,女
友梨,ゆり,yuri,女
菜月,なつき,natsuki,女
佑果,ゆか,yuka,女
千鶴,ちづる,chizuru,女
浩子,ひろこ,hiroko,女
未央,みお,mio,女
絵美,えみ,emi,女
美弥子,みやこ,miyako,女
香澄,かすみ,kasumi,女
わかな,わかな,wakana,女
友紀,ともき,tomoki,女
佑里恵,ゆりえ,yurie,女
茜,あかね,akane,女
由依,ゆい,yui,女
千鶴子,ちづこ,chizuko,女
ちひろ,ちひろ,chihiro,女
まりこ,まりこ,mariko,女
織恵,おりえ,orie,女
香央里,かおり,kaori,女
すみれ,すみれ,sumire,女
あゆ,あゆ,ayu,女
千寿,ちず,chizu,女
斐子,あやこ,ayako,女
千暁,ちあき,chiaki,女
瞳子,とうこ,touko,女
カオリ,かおり,kaori,女
綾乃,あやの,ayano,女
美喜,みき,miki,女
愛理,えり,eri,女
真紀子,まきこ,makiko,女
りえ,りえ,rie,女
菜々子,ななこ,nanako,女
英恵,はなえ,hanae,女
菜美子,なみこ,namiko,女
真由美,まゆみ,mayumi,女
充紀,あつき,atsuki,女
明恵,あきえ,akie,女
こころ,こころ,kokoro,女
有理,ゆうり,yuuri,女
朋子,ともこ,tomoko,女
恭子,きょうこ,kyouko,女
佳奈,かな,kana,女
志麻,しま,shima,女
里枝,りえ,rie,女
のぞみ,のぞみ,nozomi,女
亜耶,あや,aya,女
邦子,くにこ,kuniko,女
麻衣子,まいこ,maiko,女
瑞希,みずき,mizuki,女
万里,まり,mari,女
久枝,ひさえ,hisae,女
祐子,ゆうこ,yuuko,女
未来,みき,miki,女
みすず,みすず,misuzu,女
由希,ゆき,yuki,女
友絵,ともえ,tomoe,女
由佳梨,ゆかり,yukari,女
三恵,みえ,mie,女
理美,まさみ,masami,女
世津子,せつこ,setsuko,女
友里恵,ゆりえ,yurie,女
頼子,よりこ,yoriko,女
春菜,はるな,haruna,女
聡美,さとみ,satomi,女
理子,りこ,riko,女
みさと,みさと,misato,女
美希,みき,miki,女
路子,みちこ,michiko,女
汐里,しおり,shiori,女
佳代子,かよこ,kayoko,女
好香,よしか,yoshika,女
亜子,あこ,ako,女
奈々美,ななみ,nanami,女
真輝,まさき,masaki,女
まゆみ,まゆみ,mayumi,女
麻友,まゆ,mayu,女
実花,みか,mika,女
真那,まなみ,manami,女
迪子,みちこ,michiko,女
章子,あきこ,akiko,女
沙希,さき,saki,女
雅恵,まさえ,masae,女
むつみ,むつみ,mutsumi,女
麻世,あさよ,asayo,女
久美子,くみこ,kumiko,女
望,のぞみ,nozomi,女
利枝,りえ,rie,女
緑,みどり,midori,女
裕加里,ゆかり,yukari,女
優香,ゆか,yuka,女
裕代,やすよ,yasuyo,女
里奈,りな,rina,女
えみ,えみ,emi,女
佐希子,さきこ,sakiko,女
夏美,なつみ,natsumi,女
有美,ゆみ,yumi,女
よしみ,よしみ,yoshimi,女
真由子,まゆこ,mayuko,女
朱美,あけみ,akemi,女
美佳子,みかこ,mikako,女
文恵,ふみえ,fumie,女
やよい,やよい,yayoi,女
和美,かずみ,kazumi,女
友里,ゆり,yuri,女
希望,のぞみ,nozomi,女
由華,ゆか,yuka,女
南,みなみ,minami,女
華,はな,hana,女
悠子,ゆうこ,yuuko,女
依子,よりこ,yoriko,女
渚,なぎさ,nagisa,女
瑠衣,るい,rui,女
章,あきら,akira,女
和,かず,kazu,女
未希,みき,miki,女
由佳子,ゆかこ,yukako,女
多美子,たみこ,tamiko,女
一美,かずみ,kazumi,女
遼子,りょうこ,ryouko,女
よう子,ようこ,youko,女
由布,ゆう,yuu,女
麻理恵,まりえ,marie,女
亜貴子,あきこ,akiko,女
瑠里子,るりこ,ruriko,女
麗香,れいか,reika,女
小春,こはる,koharu,女
一洋,かずよし,kazuyoshi,女
美沙子,みさこ,misako,女
愛里,あいり,airi,女
佑実,ゆみ,yumi,女
治子,はるこ,haruko,女
彩夏,あやか,ayaka,女
早希,さき,saki,女
綾音,あやね,ayane,女
徳子,のりこ,noriko,女
幹子,みきこ,mikiko,女
まり,まり,mari,女
晴代,はるよ,haruyo,女
明音,あかね,akane,女
実季,みき,miki,女
明日美,あすみ,asumi,女
雪,ゆき,yuki,女
詩歩,しほ,shiho,女
彩香,あやか,ayaka,女
槙子,まきこ,makiko,女
雅代,まさよ,masayo,女
由妃,ゆき,yuki,女
あやこ,あやこ,ayako,女
法子,のりこ,noriko,女
明日香,あすか,asuka,女
旬子,じゅんこ,junko,女
夏海,なつみ,natsumi,女
ゆき子,ゆきこ,yukiko,女
暁美,さとみ,satomi,女
百合子,ゆりこ,yuriko,女
美栄,みえ,mie,女
由季子,ゆきこ,yukiko,女
麻莉子,まりこ,mariko,女
良子,よしこ,yoshiko,女
真利子,まりこ,mariko,女
真希子,まきこ,makiko,女
つかさ,つかさ,tsukasa,女
春奈,はるな,haruna,女
頌子,のぶこ,nobuko,女
由加里,ゆかり,yukari,女
空,かなた,kanata,女
メグミ,めぐみ,megumi,女
沙紀,さき,saki,女
笙子,しょうこ,shouko,女
昭子,あきこ,akiko,女
沙代,さよ,sayo,女
亜季,あき,aki,女
留美,るみ,rumi,女
織江,おりえ,orie,女
えり,えり,eri,女
由枝,よしえ,yoshie,女
ユカ,ゆか,yuka,女
なお,なお,nao,女
明里,あかり,akari,女
伸枝,のぶえ,nobue,女
寿代,ひさよ,hisayo,女
ありさ,ありさ,arisa,女
和代,かずよ,kazuyo,女
佳子,よしこ,yoshiko,女
修子,しゅうこ,shuuko,女
かな,かな,kana,女
優花,ゆうか,yuuka,女
佳織,かおり,kaori,女
英代,ひでよ,hideyo,女
敦美,あつみ,atsumi,女
康子,やすこ,yasuko,女
つぐみ,つぐみ,tsugumi,女
明美,あけみ,akemi,女
幸世,さちよ,sachiyo,女
千秋,ちあき,chiaki,女
夏菜,かな,kana,女
トモコ,ともこ,tomoko,女
安希子,あきこ,akiko,女
絵里奈,えりな,erina,女
惠子,けいこ,keiko,女
麻那,まな,mana,女
晴香,はるか,haruka,女
里紗,りさ,risa,女
里香,りか,rika,女
千里,ちさと,chisato,女
さやか,さやか,sayaka,女
晃子,あきこ,akiko,女
怜子,さとこ,satoko,女
留衣,るい,rui,女
千津,ちづ,chizu,女
悠紀,ゆうき,yuuki,女
美子,よしこ,yoshiko,女
友佳里,ゆかり,yukari,女
公子,きみこ,kimiko,女
暢子,のぶこ,nobuko,女
香,かおり,kaori,女
ゆりこ,ゆりこ,yuriko,女
志津子,しづこ,shizuko,女
芽美,めぐみ,megumi,女
絵里子,えりこ,eriko,女
美央,みお,mio,女
博美,ひろみ,hiromi,女
まな,まな,mana,女
さおり,さおり,saori,女
礼奈,れいな,reina,女
麗,れい,rei,女
美恵子,みえこ,mieko,女
紗織,さおり,saori,女
千香,ちか,chika,女
亜也子,あやこ,ayako,女
リサ,りさ,risa,女
美花,みか,mika,女
澄子,すみこ,sumiko,女
麻紀,まき,maki,女
奏,かなで,kanade,女
靖恵,やすえ,yasue,女
悠里,ゆうり,yuuri,女
絵理香,えりか,erika,女
果林,かりん,karin,女
さきこ,さきこ,sakiko,女
恵莉子,えりこ,eriko,女
裕希,ゆうき,yuuki,女
広子,ひろこ,hiroko,女
敬子,けいこ,keiko,女
桜子,さくらこ,sakurako,女
しのぶ,しのぶ,shinobu,女
佐和子,さわこ,sawako,女
あきこ,あきこ,akiko,女
小百合,さゆり,sayuri,女
のり子,のりこ,noriko,女
美江,みえ,mie,女
惠,めぐみ,megumi,女
えりか,えりか,erika,女
まゆ,まゆ,mayu,女
輝子,てるこ,teruko,女
妙,たえ,tae,女
しおり,しおり,shiori,女
百合香,ゆりか,yurika,女
由子,ゆうこ,yuuko,女
りさ,りさ,risa,女
麻美,あさみ,asami,女
舞香,まいか,maika,女
博子,ひろこ,hiroko,女
佳江,よしえ,yoshie,女
奈実,なみ,nami,女
百合,ゆり,yuri,女
香里,かおり,kaori,女
理香,りか,rika,女
教子,みちこ,michiko,女
千春,ちはる,chiharu,女
里美,さとみ,satomi,女
喜代美,きよみ,kiyomi,女
亜樹,あき,aki,女
律子,りつこ,ritsuko,女
亜佐子,あさこ,asako,女
麻由,まゆ,mayu,女
美枝,みえ,mie,女
理紗,ありさ,arisa,女
宏子,ひろこ,hiroko,女
加代子,かよこ,kayoko,女
沙恵,さえ,sae,女
みどり,みどり,midori,女
奈津子,なつこ,natsuko,女
珠美,たまみ,tamami,女
詩織,しおり,shiori,女
ちさと,ちさと,chisato,女
淑恵,よしえ,yoshie,女
奈央子,なおこ,naoko,女
枝里,えり,eri,女
ゆり,ゆり,yuri,女
佑美,ゆみ,yumi,女
友香,ゆか,yuka,女
碧,みどり,midori,女
藍,あい,ai,女
知美,さとみ,satomi,女
万喜子,まきこ,makiko,女
美優,みゆう,miyuu,女
江里,えり,eri,女
知実,ともみ,tomomi,女
葉月,はづき,hazuki,女
美樹,みき,miki,女
裕美子,ゆみこ,yumiko,女
江里子,えりこ,eriko,女
ゆみ,ゆみ,yumi,女
桃子,ももこ,momoko,女
玲美,なるみ,narumi,女
淑子,よしこ,yoshiko,女
梨奈,りな,rina,女
洋美,ひろみ,hiromi,女
幸代,ゆきよ,yukiyo,女
アキコ,あきこ,akiko,女
恵理子,えりこ,eriko,女
麻実,あさみ,asami,女
由布子,ゆうこ,yuuko,女
瑠璃,るり,ruri,女
かえで,かえで,kaede,女
留美子,るみこ,rumiko,女
礼子,れいこ,reiko,女
淳子,じゅんこ,junko,女
あやの,あやの,ayano,女
絹代,きぬよ,kinuyo,女
郁子,いくこ,ikuko,女
文子,あやこ,ayako,女
富子,とみこ,tomiko,女
亜矢,あや,aya,女
美貴,みき,miki,女
由莉,ゆり,yuri,女
愛子,あいこ,aiko,女
美津子,みつこ,mitsuko,女
真己,まみ,mami,女
里佳,りか,rika,女
晶子,しょうこ,shouko,女
弥生,やよい,yayoi,女
千絵,ちえ,chie,女
琴乃,ことの,kotono,女
菜緒,なお,nao,女
志穂,しほ,shiho,女
仁美,ひとみ,hitomi,女
実穂,みほ,miho,女
明子,あきこ,akiko,女
美里,みさ,misa,女
由里子,ゆりこ,yuriko,女
華織,かおり,kaori,女
ケイ,けい,kei,女
由衣,ゆい,yui,女
慈子,ちかこ,chikako,女
美代子,みよこ,miyoko,女
莉子,りこ,riko,女
瀬奈,せな,sena,女
千恵子,ちえこ,chieko,女
奈生子,なおこ,naoko,女
里絵,りえ,rie,女
由利子,ゆりこ,yuriko,女
瑠衣子,るいこ,ruiko,女
久子,ひさこ,hisako,女
紀子,のりこ,noriko,女
千香子,ちかこ,chikako,女
美苗,みなえ,minae,女
愛美,めぐみ,megumi,女
ちはる,ちはる,chiharu,女
奈穂,なほ,naho,女
真知子,まちこ,machiko,女
智美,ともみ,tomomi,女
優奈,ゆうな,yuuna,女
けい子,けいこ,keiko,女
智恵子,ちえこ,chieko,女
ゆかり,ゆかり,yukari,女
友紀子,ゆきこ,yukiko,女
翔子,しょうこ,shouko,女
舞,まい,mai,女
玲子,れいこ,reiko,女
真由,まゆき,mayuki,女
麻由美,まゆみ,mayumi,女
なつみ,なつみ,natsumi,女
美弥,みや,miya,女
牧,まき,maki,女
喜美子,きみこ,kimiko,女
結子,ゆうこ,yuuko,女
友見,ゆみ,yumi,女
倫代,みちよ,michiyo,女
美枝子,みえこ,mieko,女
聡子,さとこ,satoko,女
友子,ともこ,tomoko,女
良実,よしみ,yoshimi,女
恵里子,えりこ,eriko,女
志保,しほ,shiho,女
綾子,あやこ,ayako,女
結佳,ゆか,yuka,女
浩美,ひろみ,hiromi,女
ユカリ,ゆかり,yukari,女
遥,はるか,haruka,女
享子,きょうこ,kyouko,女
宏美,ひろみ,hiromi,女
ゆうこ,ゆうこ,yuuko,女
知江,ちえ,chie,女
麻衣,まい,mai,女
彩佳,あやか,ayaka,女
結花,ゆか,yuka,女
あおい,あおい,aoi,女
隆子,たかこ,takako,女
あき,あき,aki,女
彩織,さおり,saori,女
由紀子,ゆきこ,yukiko,女
栞,しおり,shiori,女
みちこ,みちこ,michiko,女
優希,ゆき,yuki,女
ひとみ,ひとみ,hitomi,女
有希,ゆき,yuki,女
まいこ,まいこ,maiko,女
彩,あや,aya,女
陵子,りょうこ,ryouko,女
美香,みか,mika,女
明世,あきよ,akiyo,女
絢美,あやみ,ayami,女
美佐,みさ,misa,女
美帆,みほ,miho,女
洋子,ようこ,youko,女
弘恵,ひろえ,hiroe,女
りえこ,りえこ,rieko,女
茉莉子,まりこ,mariko,女
知巳,ともみ,tomomi,女
深雪,みゆき,miyuki,女
明代,あきよ,akiyo,女
幸江,さちえ,sachie,女
祐加,ゆか,yuka,女
幸,さち,sachi,女
千恵,ちえ,chie,女
冬美,ふゆみ,fuyumi,女
恵理,えり,eri,女
直子,なおこ,naoko,女
梨紗,りさ,risa,女
純代,すみよ,sumiyo,女
美穂,みほ,miho,女
望美,のぞみ,nozomi,女
信子,のぶこ,nobuko,女
さや香,さやか,sayaka,女
莉沙,りさ,risa,女
清美,きよみ,kiyomi,女
円,まどか,madoka,女
はるな,はるな,haruna,女
恵子,けいこ,keiko,女
沙也香,さやか,sayaka,女
麻里,まり,mari,女
桃,もも,momo,女
衣里,えり,eri,女
美帆子,みほこ,mihoko,女
元子,もとこ,motoko,女
富美子,ふみこ,fumiko,女
麻紀子,まきこ,makiko,女
明江,あきえ,akie,女
未紀,みき,miki,女
優佳,ゆか,yuka,女
あかね,あかね,akane,女
響子,きょうこ,kyouko,女
梢,こずえ,kozue,女
彩子,さいこ,saiko,女
充代,みつよ,mitsuyo,女
翠,みどり,midori,女
萌子,もえこ,moeko,女
藍子,あいこ,aiko,女
里佳子,りかこ,rikako,女
梨沙,りさ,risa,女
順子,じゅんこ,junko,女
由佳里,ゆかり,yukari,女
亜由美,あゆみ,ayumi,女
静佳,しずか,shizuka,女
美琴,みこと,mikoto,女
香代子,かよこ,kayoko,女
麻里絵,まりえ,marie,女
今日子,きょうこ,kyouko,女
萌,もえ,moe,女
菜穂,なほ,naho,女
彩美,あやみ,ayami,女
富士子,ふじこ,fujiko,女
有紀,ゆき,yuki,女
雪子,ゆきこ,yukiko,女
愛,あい,ai,女
あつこ,あつこ,atsuko,女
美雪,みゆき,miyuki,女
孝子,たかこ,takako,女
弘美,ひろみ,hiromi,女
優,ゆう,yuu,女
桂子,けいこ,keiko,女
りん,りん,rin,女
純子,じゅんこ,junko,女
智佳子,ちかこ,chikako,女
美加,みか,mika,女
真子,まこ,mako,女
彩乃,あやの,ayano,女
みちる,みちる,michiru,女
聖子,せいこ,seiko,女
美咲,みさき,misaki,女
涼子,りょうこ,ryouko,女
歩,あゆみ,ayumi,女
美智子,みちこ,michiko,女
恵梨香,えりか,erika,女
記子,のりこ,noriko,女
秀子,ひでこ,hideko,女
道代,みちよ,michiyo,女
ゆき,ゆき,yuki,女
静香,しずか,shizuka,女
秀美,ひでみ,hidemi,女
なつめ,なつめ,natsume,女
加苗,かなえ,kanae,女
美砂子,みさこ,misako,女
笑子,しょうこ,shouko,女
真矢,まや,maya,女
真木子,まきこ,makiko,女
梨紗子,りさこ,risako,女
りか,りか,rika,女
鮎子,あゆこ,ayuko,女
みずき,みずき,mizuki,女
真規子,まきこ,makiko,女
和子,かずこ,kazuko,女
万里子,まりこ,mariko,女
睦美,むつみ,mutsumi,女
嘉美,よしみ,yoshimi,女
道子,みちこ,michiko,女
絵里,えり,eri,女
冴子,さえこ,saeko,女
麻耶,まや,maya,女
香奈,かな,kana,女
佳美,よしみ,yoshimi,女
華奈,かな,kana,女
未佳,みか,mika,女
恵利子,えりこ,eriko,女
真弓,まゆみ,mayumi,女
あゆみ,あゆみ,ayumi,女
啓子,けいこ,keiko,女
佑子,ゆうこ,yuuko,女
奈津実,なつみ,natsumi,女
美絵子,みえこ,mieko,女
実希,みき,miki,女
典子,のりこ,noriko,女
亮子,りょうこ,ryouko,女
千文,ちふみ,chifumi,女
華子,はなこ,hanako,女
みか,みか,mika,女
ゆか,ゆか,yuka,女
真理,まり,mari,女
琴美,ことみ,kotomi,女
希,のぞみ,nozomi,女
千明,ちあき,chiaki,女
朝子,ともこ,tomoko,女
由香,ゆか,yuka,女
利絵,りえ,rie,女
慶子,けいこ,keiko,女
ちぐさ,ちぐさ,chigusa,女
侑香,ゆうか,yuuka,女
菜緒子,なおこ,naoko,女
絵美子,えみこ,emiko,女
寿恵,ひさえ,hisae,女
怜奈,れいな,reina,女
奈緒,なお,nao,女
佳菜,かな,kana,女
智香子,ちかこ,chikako,女
菜摘,なつみ,natsumi,女
エリカ,えりか,erika,女
麻希,まき,maki,女
那奈,なな,nana,女
玲奈,れな,rena,女
みゆき,みゆき,miyuki,女
さつき,さつき,satsuki,女
美沙,みさ,misa,女
亜矢子,あやこ,ayako,女
理恵,りえ,rie,女
由貴子,ゆきこ,yukiko,女
真紀,まき,maki,女
雅世,まさよ,masayo,女
扶美子,ふみこ,fumiko,女
真希,まき,maki,女
春華,しゅんか,shunka,女
美彩子,みさこ,misako,女
菜々,なな,nana,女
誉子,たかこ,takako,女
理絵,りえ,rie,女
ゆきこ,ゆきこ,yukiko,女
友美,ゆみ,yumi,女
亜希子,あきこ,akiko,女
利子,りこ,riko,女
恵,めぐみ,megumi,女
一代,かずよ,kazuyo,女
美幸,みゆき,miyuki,女
真貴子,まきこ,makiko,女
智子,ともこ,tomoko,女
鮎,あゆ,ayu,女
真理子,まりこ,mariko,女
杏菜,あんな,anna,女
奈保子,なおこ,naoko,女
由実子,ゆみこ,yumiko,女
智恵,ちえ,chie,女
依里,えり,eri,女
ひかり,ひかり,hikari,女
英美,えみ,emi,女
いずみ,いずみ,izumi,女
真奈美,まなみ,manami,女
正江,まさえ,masae,女
さちこ,さちこ,sachiko,女
里枝子,りえこ,rieko,女
亜理沙,ありさ,arisa,女
麻梨,まり,mari,女
あゆ子,あゆこ,ayuko,女
菜奈子,ななこ,nanako,女
理奈,りな,rina,女
加奈,かな,kana,女
遥香,はるか,haruka,女
静,しずか,shizuka,女
みな子,みなこ,minako,女
たえこ,たえこ,taeko,女
貴代,きよ,kiyo,女
美季,みき,miki,女
彰子,あきこ,akiko,女
美智代,みちよ,michiyo,女
加奈子,かなこ,kanako,女
敦子,あつこ,atsuko,女
貴美子,きみこ,kimiko,女
朋美,ともみ,tomomi,女
綾香,あやか,ayaka,女
幸子,さちこ,sachiko,女
繭子,まゆこ,mayuko,女
あさみ,あさみ,asami,女
由希子,ゆきこ,yukiko,女
リカ,りか,rika,女
裕子,ゆうこ,yuuko,女
芳子,よしこ,yoshiko,女
里英,りえ,rie,女
由佳,ゆか,yuka,女
美和,みわ,miwa,女
育恵,いくえ,ikue,女
千夏,ちなつ,chinatsu,女
ひろこ,ひろこ,hiroko,女
芽衣,めい,mei,女
清佳,さやか,sayaka,女
優子,ゆうこ,yuuko,女
千草,ちぐさ,chigusa,女
潤子,じゅんこ,junko,女
奈美子,なみこ,namiko,女
麻矢,まや,maya,女
保子,やすこ,yasuko,女
沙織,さおり,saori,女
瑞生,みずき,mizuki,女
加恵,かえ,kae,女
ゆう子,ゆうこ,yuuko,女
宜子,のりこ,noriko,女
京子,きょうこ,kyouko,女
梨恵,りえ,rie,女
初美,はつみ,hatsumi,女
沙樹,さき,saki,女
美紀,みき,miki,女
祥子,しょうこ,shouko,女
千尋,ちひろ,chihiro,女
真里,まり,mari,女
恵美子,えみこ,emiko,女
香奈子,かなこ,kanako,女
幸恵,ゆきえ,yukie,女
みなみ,みなみ,minami,女
友佳,ゆか,yuka,女
江梨,えり,eri,女
好美,よしみ,yoshimi,女
舞子,まいこ,maiko,女
由樹子,ゆきこ,yukiko,女
和枝,かずえ,kazue,女
美耶子,みやこ,miyako,女
江里奈,えりな,erina,女
さと子,さとこ,satoko,女
有希子,ゆきこ,yukiko,女
まなみ,まなみ,manami,女
可奈,かな,kana,女
菜央,なお,nao,女
志津香,しずか,shizuka,女
めぐみ,めぐみ,megumi,女
ちあき,ちあき,chiaki,女
友美子,ゆみこ,yumiko,女
とも子,ともこ,tomoko,女
登紀子,ときこ,tokiko,女
育子,いくこ,ikuko,女
さとみ,さとみ,satomi,女
弓子,ゆみこ,yumiko,女
愛梨,あいり,airi,女
佐知,さち,sachi,女
珠代,たまよ,tamayo,女
清子,きよこ,kiyoko,女
ともこ,ともこ,tomoko,女
亜紀子,あきこ,akiko,女
岬,みさき,misaki,女
由香理,ゆかり,yukari,女
木綿子,ゆうこ,yuuko,女
麻依子,まいこ,maiko,女
成美,なるみ,narumi,女
百合恵,ゆりえ,yurie,女
恵美,えみ,emi,女
安代,やすよ,yasuyo,女
禎子,ていこ,teiko,女
寿子,ひさこ,hisako,女
里子,さとこ,satoko,女
美乃,よしの,yoshino,女
素子,もとこ,motoko,女
美華,みか,mika,女
まや,まや,maya,女
奈津美,なつみ,natsumi,女
有紗,ありさ,arisa,女
哲子,さとこ,satoko,女
麻理奈,まりな,marina,女
ひろみ,ひろみ,hiromi,女
七海,ななみ,nanami,女
尚美,なおみ,naomi,女
伸子,のぶこ,nobuko,女
知絵,ともえ,tomoe,女
リエ,りえ,rie,女
文香,あやか,ayaka,女
尚代,ひさよ,hisayo,女
和歌子,わかこ,wakako,女
沙代子,さよこ,sayoko,女
里江子,さえこ,saeko,女
康代,やすよ,yasuyo,女
美保子,みほこ,mihoko,女
佑里子,ゆりこ,yuriko,女
美冴,みさ,misa,女
梓,あずさ,azusa,女
尚子,なおこ,naoko,女
まみ,まみ,mami,女
友実,ともみ,tomomi,女
光子,ひかるこ,hikaruko,女
綾奈,あやな,ayana,女
知子,ともこ,tomoko,女
久代,ひさよ,hisayo,女
春香,はるか,haruka,女
友里子,ゆりこ,yuriko,女
渓,けい,kei,女
有樹子,ゆきこ,yukiko,女
満里子,まりこ,mariko,女
優貴,ゆうき,yuuki,女
保奈美,ほなみ,honami,女
千枝,ちえ,chie,女
ひかる,ひかる,hikaru,女
由美,ゆみ,yumi,女
理沙,りさ,risa,女
アンナ,あんな,anna,女
奈々絵,ななえ,nanae,女
瞳,ひとみ,hitomi,女
利恵,りえ,rie,女
真緒,まお,mao,女
まゆ子,まゆこ,mayuko,女
みき,みき,miki,女
眞美,まみ,mami,女
千織,ちおり,chiori,女
美奈,みな,mina,女
優美,ゆみ,yumi,女
茉莉,まり,mari,女
あみ,あみ,ami,女
由衣子,ゆいこ,yuiko,女
貴子,たかこ,takako,女
瑞枝,みずえ,mizue,女
亜紗子,あさこ,asako,女
真美,まみ,mami,女
香子,きょうこ,kyouko,女
紗矢佳,さやか,sayaka,女
みえ,みえ,mie,女
麻季,まき,maki,女
玲,れい,rei,女
美佳,みか,mika,女
亜希,あき,aki,女
なな,なな,nana,女
清香,さやか,sayaka,女
由香里,ゆかり,yukari,女
奈都子,なつこ,natsuko,女
亜紀,あき,aki,女
紘子,ひろこ,hiroko,女
真寿美,ますみ,masumi,女
愛華,あいか,aika,女
ゆりか,ゆりか,yurika,女
夏子,なつこ,natsuko,女
直美,なおみ,naomi,女
亜以子,あいこ,aiko,女
美鈴,みすず,misuzu,女
あさ美,あさみ,asami,女
真衣,まい,mai,女
紗恵,さえ,sae,女
文,ふみ,fumi,女
有香,ゆか,yuka,女
麻佑子,まゆこ,mayuko,女
雅子,まさこ,masako,女
栄子,えいこ,eiko,女
結衣,ゆい,yui,女
祥江,よしえ,yoshie,女
文枝,ふみえ,fumie,女
明希,あき,aki,女
鈴香,すずか,suzuka,女
早苗,さなえ,sanae,女
あすか,あすか,asuka,女
綾,あや,aya,女
茂男,しげお,shigeo,男
勝治,かつじ,katsuji,男
琢也,たくや,takuya,男
裕昭,ひろあき,hiroaki,男
大和,はるな,haruna,男
政彦,まさひこ,masahiko,男
裕則,ひろのり,hironori,男
和秀,かずひで,kazuhide,男
佳紀,よしのり,yoshinori,男
慎太朗,しんたろう,shintarou,男
幸典,ゆきのり,yukinori,男
重人,しげと,shigeto,男
一将,かずまさ,kazumasa,男
要,かなめ,kaname,男
竜馬,りょうま,ryouma,男
泰文,やすふみ,yasufumi,男
晋平,しんぺい,shinpei,男
佳樹,よしき,yoshiki,男
勝美,まさみ,masami,男
雅志,まさし,masashi,男
吉伸,よしのぶ,yoshinobu,男
優典,ゆうすけ,yuusuke,男
英司,えいじ,eiji,男
俊道,としみち,toshimichi,男
重徳,しげのり,shigenori,男
貴央,たかお,takao,男
文彦,ふみひこ,fumihiko,男
哲士,てつし,tetsushi,男
隆哉,たかや,takaya,男
英祐,えいすけ,eisuke,男
英章,ひであき,hideaki,男
泰秀,やすひで,yasuhide,男
利文,としふみ,toshifumi,男
裕治,ゆうじ,yuuji,男
祐一郎,ゆういちろう,yuuichirou,男
隆文,たかふみ,takafumi,男
隆明,たかあき,takaaki,男
進吾,しんご,shingo,男
和士,かずひと,kazuhito,男
裕一郎,ゆういちろう,yuuichirou,男
彰人,あきと,akito,男
勝太,しょうた,shouta,男
雅紀,まさのり,masanori,男
龍一,りゅういち,ryuuichi,男
康治,こうじ,kouji,男
真行,まさゆき,masayuki,男
貴規,たかのり,takanori,男
正善,まさよし,masayoshi,男
信幸,のぶゆき,nobuyuki,男
純治,じゅんじ,junji,男
紳一郎,しんいちろう,shin'ichirou,男
和紀,かずき,kazuki,男
公平,こうへい,kouhei,男
秀一,しゅういち,shuuichi,男
拓実,たくみ,takumi,男
則行,のりゆき,noriyuki,男
光輝,みつてる,mitsuteru,男
直大,なおひろ,naohiro,男
英弘,ひでひろ,hidehiro,男
ケン,けん,ken,男
隆人,たかひと,takahito,男
孝雄,たかお,takao,男
雄輝,ゆうき,yuuki,男
裕和,ひろかず,hirokazu,男
紘,こう,kou,男
弘行,ひろゆき,hiroyuki,男
康嗣,こうじ,kouji,男
康一郎,こういちろう,kouichirou,男
優樹,ゆうき,yuuki,男
伸彦,のぶひこ,nobuhiko,男
照幸,てるゆき,teruyuki,男
章夫,あきお,akio,男
幸洋,ゆきひろ,yukihiro,男
憲幸,のりゆき,noriyuki,男
勝也,かつや,katsuya,男
政人,まさと,masato,男
龍人,たつひと,tatsuhito,男
敬一,けいいち,keiichi,男
礼,れい,rei,男
晃嗣,こうじ,kouji,男
隆太郎,りゅうたろう,ryuutarou,男
謙介,けんすけ,kensuke,男
樹,みき,miki,男
勝一,しょういち,shouichi,男
昭徳,あきのり,akinori,男
喜和,よしかず,yoshikazu,男
昌治,まさはる,masaharu,男
友明,ともあき,tomoaki,男
隆一郎,りゅういちろう,ryuuichirou,男
剛士,つよし,tsuyoshi,男
勇介,ゆうすけ,yuusuke,男
佑典,ゆうすけ,yuusuke,男
峻,しゅん,shun,男
大輝,たいき,taiki,男
謙二,けんじ,kenji,男
和平,わへい,wahei,男
佑太,ゆうた,yuuta,男
敏浩,としひろ,toshihiro,男
元治,もとはる,motoharu,男
直生,なおき,naoki,男
憲,ただし,tadashi,男
太,ふとし,futoshi,男
祐二,ゆうじ,yuuji,男
牧人,まきと,makito,男
雅夫,まさお,masao,男
直之,ただゆき,tadayuki,男
和洋,かずひろ,kazuhiro,男
義勝,よしかつ,yoshikatsu,男
卓郎,たくろう,takurou,男
義樹,よしき,yoshiki,男
将平,しょうへい,shouhei,男
好,このみ,konomi,男
一徳,かずのり,kazunori,男
たけし,たけし,takeshi,男
勝正,かつまさ,katsumasa,男
浩明,ひろあき,hiroaki,男
秀二,しゅうじ,shuuji,男
克巳,かつみ,katsumi,男
慶明,よしあき,yoshiaki,男
克明,かつあき,katsuaki,男
明彦,あきひこ,akihiko,男
英寿,ひでとし,hidetoshi,男
英行,ひでゆき,hideyuki,男
良知,りょうち,ryouchi,男
郁雄,いくお,ikuo,男
将司,しょうじ,shouji,男
覚,さとる,satoru,男
祐弥,ゆうや,yuuya,男
敏史,としふみ,toshifumi,男
昭久,あきひさ,akihisa,男
富雄,とみお,tomio,男
勇佑,ゆうすけ,yuusuke,男
吉広,よしひろ,yoshihiro,男
久男,ひさお,hisao,男
壮一郎,そういちろう,souichirou,男
史明,ふみあき,fumiaki,男
知一,ともかず,tomokazu,男
拓磨,たくま,takuma,男
憲史,のりふみ,norifumi,男
芳彦,よしひこ,yoshihiko,男
謙治,けんじ,kenji,男
龍太郎,りゅうたろう,ryuutarou,男
昌之,まさゆき,masayuki,男
清一,せいいち,seiichi,男
将吾,しょうご,shougo,男
徹弥,てつや,tetsuya,男
麻央,まお,mao,男
敏文,としふみ,toshifumi,男
靖雄,やすお,yasuo,男
達,とおる,tooru,男
孝哉,たかや,takaya,男
勇司,ゆうじ,yuuji,男
久,ひさし,hisashi,男
厚,あつし,atsushi,男
猛,もう,mou,男
佳史,よしふみ,yoshifumi,男
康雄,やすお,yasuo,男
雄基,ゆうき,yuuki,男
秀幸,ひでゆき,hideyuki,男
直弥,なおや,naoya,男
知宏,ともひろ,tomohiro,男
勝久,かつひさ,katsuhisa,男
勝利,かつとし,katsutoshi,男
祥宏,よしひろ,yoshihiro,男
健史,たけし,takeshi,男
誠也,まさや,masaya,男
ヒロシ,ひろし,hiroshi,男
光治,こうじ,kouji,男
慎一郎,しんいちろう,shin'ichirou,男
正芳,まさよし,masayoshi,男
嵩,たかし,takashi,男
ひろ,ひろ,hiro,男
慶,けい,kei,男
章生,あきお,akio,男
良和,よしかず,yoshikazu,男
省吾,しょうご,shougo,男
優人,まさと,masato,男
完治,かんじ,kanji,男
滋,しげる,shigeru,男
真嗣,まさし,masashi,男
和弘,かずひろ,kazuhiro,男
政広,まさひろ,masahiro,男
芳一,よしかず,yoshikazu,男
義貴,よしたか,yoshitaka,男
範人,のりと,norito,男
憲一郎,けんいちろう,ken'ichirou,男
寧,ねい,nei,男
公一郎,こういちろう,kouichirou,男
和司,かずし,kazushi,男
邦治,くにはる,kuniharu,男
博久,ひろひさ,hirohisa,男
慎哉,しんや,shinya,男
健太郎,けんたろう,kentarou,男
鉄兵,てっぺい,teppei,男
龍司,りゅうじ,ryuuji,男
徹平,てっぺい,teppei,男
真博,まさひろ,masahiro,男
大記,だいき,daiki,男
寛之,ひろゆき,hiroyuki,男
美久,みく,miku,男
拓史,たくし,takushi,男
正文,まさふみ,masafumi,男
光一郎,こういちろう,kouichirou,男
豊彦,とよひこ,toyohiko,男
耕輔,こうすけ,kousuke,男
耕介,こうすけ,kousuke,男
守彦,もりひこ,morihiko,男
宣博,のぶひろ,nobuhiro,男
嘉夫,よしお,yoshio,男
正典,まさのり,masanori,男
光彦,みつひこ,mitsuhiko,男
到,いたる,itaru,男
将哉,まさや,masaya,男
敏樹,としき,toshiki,男
文徳,ふみのり,fuminori,男
大成,だいせい,daisei,男
直敬,なおたか,naotaka,男
祥太,しょうた,shouta,男
孝次,たかつぐ,takatsugu,男
吉孝,よしたか,yoshitaka,男
晴之,はるゆき,haruyuki,男
明秀,あきひで,akihide,男
保志,やすし,yasushi,男
敦志,あつし,atsushi,男
貴雄,たかお,takao,男
孝之,たかゆき,takayuki,男
大生,だいき,daiki,男
栄作,えいさく,eisaku,男
優一郎,ゆういちろう,yuuichirou,男
雄飛,ゆうひ,yuuhi,男
紘平,こうへい,kouhei,男
宏晃,ひろあき,hiroaki,男
一裕,かずひろ,kazuhiro,男
正雄,まさお,masao,男
隆秀,たかひで,takahide,男
広章,ひろあき,hiroaki,男
一也,かずや,kazuya,男
耕太郎,こうたろう,koutarou,男
盛雄,もりお,morio,男
紀章,のりあき,noriaki,男
健作,けんさく,kensaku,男
冬樹,ふゆき,fuyuki,男
宏志,ひろし,hiroshi,男
旭,あさひ,asahi,男
高久,たかひさ,takahisa,男
敏博,としひろ,toshihiro,男
純一郎,じゅんいちろう,jun'ichirou,男
友行,ともゆき,tomoyuki,男
隆範,たかのり,takanori,男
崇行,たかゆき,takayuki,男
雅春,まさはる,masaharu,男
直希,なおき,naoki,男
公孝,きみたか,kimitaka,男
幸弘,ゆきひろ,yukihiro,男
豊隆,とよたか,toyotaka,男
博一,ひろかず,hirokazu,男
泰介,たいすけ,taisuke,男
浩幸,ひろゆき,hiroyuki,男
知範,とものり,tomonori,男
暁彦,あきひこ,akihiko,男
史郎,しろう,shirou,男
慎吾,しんご,shingo,男
祐次,ゆうじ,yuuji,男
伸光,のぶみつ,nobumitsu,男
勇気,ゆうき,yuuki,男
晴紀,はるき,haruki,男
清次,せいじ,seiji,男
昭浩,あきひろ,akihiro,男
明浩,あきひろ,akihiro,男
政行,まさゆき,masayuki,男
義紀,よしのり,yoshinori,男
繁夫,しげお,shigeo,男
利昭,としあき,toshiaki,男
守正,もりまさ,morimasa,男
幸一,こういち,kouichi,男
一史,ひとし,hitoshi,男
恭太郎,きょうたろう,kyoutarou,男
宏樹,ひろき,hiroki,男
裕哉,ひろや,hiroya,男
泰規,やすのり,yasunori,男
浩人,ひろと,hiroto,男
真康,まさやす,masayasu,男
俊紀,しゅんき,shunki,男
祐輝,ゆうき,yuuki,男
康高,やすたか,yasutaka,男
一希,かずき,kazuki,男
泰之,やすゆき,yasuyuki,男
裕二郎,ゆうじろう,yuujirou,男
孝彰,たかあき,takaaki,男
義晴,よしはる,yoshiharu,男
正晴,まさはる,masaharu,男
悠人,ゆうと,yuuto,男
真介,しんすけ,shinsuke,男
慧太,けいた,keita,男
光男,みちゅお,michuo,男
泰樹,やすき,yasuki,男
和良,かずよし,kazuyoshi,男
亮一,りょういち,ryouichi,男
一幸,かずゆき,kazuyuki,男
恒夫,つねお,tsuneo,男
綾太,りょうた,ryouta,男
義明,よしあき,yoshiaki,男
成実,なるみ,narumi,男
東,あずま,azuma,男
友哉,ともや,tomoya,男
克則,かつのり,katsunori,男
翔大,しょうだい,shoudai,男
宏紀,こうき,kouki,男
孝平,こうへい,kouhei,男
和隆,かずたか,kazutaka,男
伸悟,しんご,shingo,男
広行,ひろゆき,hiroyuki,男
昌利,まさとし,masatoshi,男
奨,しょう,shou,男
尚輝,なおき,naoki,男
壮一,そういち,souichi,男
岳人,たけと,taketo,男
祐史,ひろし,hiroshi,男
武人,たけと,taketo,男
雄貴,ゆうき,yuuki,男
昌,まさ,masa,男
誠二,せいじ,seiji,男
靖久,やすひさ,yasuhisa,男
康彦,やすひこ,yasuhiko,男
吾一,ごいち,goichi,男
恒平,こうへい,kouhei,男
忠明,ただあき,tadaaki,男
元気,げんき,genki,男
ゆうた,ゆうた,yuuta,男
政浩,まさひろ,masahiro,男
秀彦,ひでひこ,hidehiko,男
勇喜,ゆうき,yuuki,男
正浩,まさひろ,masahiro,男
紘史,ひろふみ,hirofumi,男
充弘,みつひろ,mitsuhiro,男
和人,かずと,kazuto,男
隆雄,たかお,takao,男
恭,きよし,kiyoshi,男
高,たかし,takashi,男
正昭,まさあき,masaaki,男
嘉孝,よしたか,yoshitaka,男
俊英,としひで,toshihide,男
亮史,りょうじ,ryouji,男
博人,ひろと,hiroto,男
博信,ひろのぶ,hironobu,男
京介,きょうすけ,kyousuke,男
志郎,しろう,shirou,男
陽一郎,よういちろう,youichirou,男
悠史,ゆうじ,yuuji,男
脩,おさむ,osamu,男
つばさ,つばさ,tsubasa,男
哲郎,てつろう,tetsurou,男
優斗,ゆうと,yuuto,男
賢二,けんじ,kenji,男
正敏,まさとし,masatoshi,男
憲彦,のりひこ,norihiko,男
将孝,まさたか,masataka,男
太一朗,たいちろう,taichirou,男
孝宏,たかひろ,takahiro,男
雄希,ゆうき,yuuki,男
玲央,れお,reo,男
浩志,こうじ,kouji,男
たかし,まさし,masashi,男
将士,まさし,masashi,男
隆則,たかのり,takanori,男
慶介,けいすけ,keisuke,男
雅宣,まさのぶ,masanobu,男
新一,しんいち,shin'ichi,男
隆二,りゅうじ,ryuuji,男
和明,かずあき,kazuaki,男
智章,ともあき,tomoaki,男
英正,ひでまさ,hidemasa,男
泰佑,たいすけ,taisuke,男
大嗣,だいじ,daiji,男
泰裕,やすひろ,yasuhiro,男
圭太郎,けいたろう,keitarou,男
和馬,かずま,kazuma,男
庸,よう,you,男
篤史,あつし,atsushi,男
慎治,しんじ,shinji,男
陣,じん,jin,男
知輝,ともてる,tomoteru,男
和正,かずまさ,kazumasa,男
宏文,ひろふみ,hirofumi,男
悟司,さとし,satoshi,男
宏輝,ひろあき,hiroaki,男
貴晃,たかあき,takaaki,男
保幸,やすゆき,yasuyuki,男
善史,よしふみ,yoshifumi,男
洋樹,ひろき,hiroki,男
佳祐,けいすけ,keisuke,男
佳亮,けいすけ,keisuke,男
顕,あきら,akira,男
康博,やすひろ,yasuhiro,男
章仁,あきひと,akihito,男
浩次,こうじ,kouji,男
善仁,よしひと,yoshihito,男
博行,ひろゆき,hiroyuki,男
晃平,こうへい,kouhei,男
竜治,りゅうじ,ryuuji,男
和寛,かずひろ,kazuhiro,男
俊郎,としろう,toshirou,男
峰雄,みねお,mineo,男
竜太郎,りゅうたろう,ryuutarou,男
遼平,りょうへい,ryouhei,男
浩士,ひろし,hiroshi,男
譲,ゆずる,yuzuru,男
宏泰,ひろやす,hiroyasu,男
伊織,いおり,iori,男
清明,きよあき,kiyoaki,男
雅嗣,まさし,masashi,男
広輔,こうすけ,kousuke,男
研二,けんじ,kenji,男
正春,まさはる,masaharu,男
正志,まさし,masashi,男
仁士,ひとし,hitoshi,男
諭史,さとし,satoshi,男
大典,ひろのり,hironori,男
紀夫,のりお,norio,男
洋祐,ようすけ,yousuke,男
弘幸,ひろゆき,hiroyuki,男
清貴,きよたか,kiyotaka,男
敏朗,としろう,toshirou,男
真伍,しんご,shingo,男
洋次,ようじ,youji,男
高士,たかし,takashi,男
勝浩,かつひろ,katsuhiro,男
尊,たかし,takashi,男
吉昭,よしあき,yoshiaki,男
政宏,まさひろ,masahiro,男
裕亮,ゆうすけ,yuusuke,男
海,かい,kai,男
晃輔,こうすけ,kousuke,男
啓志,ひろし,hiroshi,男
将義,まさよし,masayoshi,男
将行,まさゆき,masayuki,男
章浩,あきひろ,akihiro,男
信,しん,shin,男
幸生,ゆきお,yukio,男
恵司,さとし,satoshi,男
竜二,りゅうじ,ryuuji,男
宏之,ひろゆき,hiroyuki,男
聖和,まさかず,masakazu,男
知広,ともひろ,tomohiro,男
貴夫,たかお,takao,男
耕作,こうさく,kousaku,男
強志,つよし,tsuyoshi,男
秀人,ひでひと,hidehito,男
将弘,まさひろ,masahiro,男
友人,ともひと,tomohito,男
主税,ちから,chikara,男
輝久,てるひさ,teruhisa,男
和音,たいじ,taiji,男
政哉,まさや,masaya,男
克哉,かつや,katsuya,男
隼,はやと,hayato,男
衛,まもる,mamoru,男
道也,みちや,michiya,男
俊作,しゅんさく,shunsaku,男
大治,たいじ,taiji,男
喜弘,よしひろ,yoshihiro,男
克弘,かつひろ,katsuhiro,男
泰士,やすし,yasushi,男
吉人,よしと,yoshito,男
敏也,としや,toshiya,男
一秀,かずひで,kazuhide,男
正仁,まさひと,masahito,男
朋広,ともひろ,tomohiro,男
拓司,たくじ,takuji,男
悠希,ゆうき,yuuki,男
博徳,ひろのり,hironori,男
貴一,きいち,kiichi,男
誠志,せいじ,seiji,男
鉄男,てつお,tetsuo,男
茂治,しげはる,shigeharu,男
謙次,けんじ,kenji,男
兼一,けんいち,ken'ichi,男
拓人,たくと,takuto,男
優佑,ゆうすけ,yuusuke,男
光展,みつのり,mitsunori,男
勝弘,まさひろ,masahiro,男
也寸志,やすし,yasushi,男
央,ひろし,hiroshi,男
きよし,きよし,kiyoshi,男
公貴,きみたか,kimitaka,男
正英,まさ,masa,男
健郎,たけお,takeo,男
広道,ひろみち,hiromichi,男
将幸,まさゆき,masayuki,男
保,たもつ,tamotsu,男
勝人,まさと,masato,男
廉,きよし,kiyoshi,男
実里,みさと,misato,男
桂一郎,けいいちろう,keiichirou,男
竜雄,たつお,tatsuo,男
太平,たいへい,taihei,男
宗明,むねあき,muneaki,男
守道,もりみち,morimichi,男
圭悟,けいご,keigo,男
真光,まさみつ,masamitsu,男
涼平,りょうへい,ryouhei,男
敦宏,あつひろ,atsuhiro,男
行男,ゆきお,yukio,男
宏哉,ひろや,hiroya,男
竜弥,たつや,tatsuya,男
真利,まり,mari,男
博道,ひろみち,hiromichi,男
駿介,しゅんすけ,shunsuke,男
義弘,よしひろ,yoshihiro,男
一雄,かずお,kazuo,男
孝和,たかかず,takakazu,男
航平,こうへい,kouhei,男
洋輔,ようすけ,yousuke,男
祐三,ゆうぞう,yuuzou,男
幸児,こうじ,kouji,男
利行,としゆき,toshiyuki,男
克俊,かつとし,katsutoshi,男
正太郎,しょうたろう,shoutarou,男
貞之,さだゆき,sadayuki,男
健人,けんと,kento,男
俊二,しゅんじ,shunji,男
賢一郎,けんいちろう,ken'ichirou,男
祥,さち,sachi,男
尚樹,なおき,naoki,男
正紀,まさのり,masanori,男
晶,あき,aki,男
知裕,ともひろ,tomohiro,男
由記,ゆき,yuki,男
隆寛,たかひろ,takahiro,男
裕馬,ゆうま,yuuma,男
睦,むつみ,mutsumi,男
祐志,ゆうじ,yuuji,男
貴彦,たかひこ,takahiko,男
浩世,ひろよ,hiroyo,男
雄三,ゆうぞう,yuuzou,男
嘉人,よしと,yoshito,男
崇志,たかし,takashi,男
宏典,こうすけ,kousuke,男
浩久,ひろひさ,hirohisa,男
重樹,しげき,shigeki,男
宏太,こうた,kouta,男
知紀,とものり,tomonori,男
伸昭,のぶあき,nobuaki,男
眞治,しんじ,shinji,男
匡志,ただし,tadashi,男
智樹,ともき,tomoki,男
貴昭,たかあき,takaaki,男
祐貴,ゆうき,yuuki,男
琢,たく,taku,男
圭太,けいた,keita,男
光則,みつのり,mitsunori,男
公人,まさと,masato,男
章雄,あきお,akio,男
翔悟,しょうご,shougo,男
剛一,こういち,kouichi,男
純矢,じゅんや,junya,男
貴宏,たかひろ,takahiro,男
幸徳,こうとく,koutoku,男
龍介,りょうすけ,ryousuke,男
真之,まさゆき,masayuki,男
力也,りきや,rikiya,男
宗利,むねとし,munetoshi,男
明博,あきひろ,akihiro,男
芳昭,よしあき,yoshiaki,男
敬三,けいぞう,keizou,男
健吉,けんきち,kenkichi,男
悠司,ゆうじ,yuuji,男
智司,さとし,satoshi,男
健輔,けんすけ,kensuke,男
政史,まさし,masashi,男
安史,やすし,yasushi,男
勝裕,かつひろ,katsuhiro,男
智典,とものり,tomonori,男
晴樹,はるき,haruki,男
康宏,やすひろ,yasuhiro,男
敏明,としあき,toshiaki,男
泰男,やすお,yasuo,男
雄亮,ゆうすけ,yuusuke,男
治久,はるひさ,haruhisa,男
謙吾,けんご,kengo,男
栄治,えいじ,eiji,男
寛貴,ひろき,hiroki,男
幸夫,ゆきお,yukio,男
楽,らく,raku,男
佳幸,よしゆき,yoshiyuki,男
孝治,こうじ,kouji,男
文武,ふみたけ,fumitake,男
和義,かずよし,kazuyoshi,男
一博,かずひろ,kazuhiro,男
秀作,しゅうさく,shuusaku,男
忠則,ただのり,tadanori,男
圭祐,けいすけ,keisuke,男
典男,のりお,norio,男
卓士,たくじ,takuji,男
喜行,よしゆき,yoshiyuki,男
文隆,ふみたか,fumitaka,男
孝博,たかひろ,takahiro,男
尚人,ひさと,hisato,男
孝介,こうすけ,kousuke,男
洋士,ひろし,hiroshi,男
優輝,ゆうき,yuuki,男
和之,かずゆき,kazuyuki,男
繁幸,しげゆき,shigeyuki,男
隆宏,たかひろ,takahiro,男
修士,しゅうじ,shuuji,男
信一,しんいち,shin'ichi,男
あきら,あきら,akira,男
友一,ともかず,tomokazu,男
陽祐,ようすけ,yousuke,男
久徳,ひさのり,hisanori,男
究,きゅう,kyuu,男
貴士,たかし,takashi,男
卓真,たくま,takuma,男
悠一,ゆういち,yuuichi,男
昭人,あきひと,akihito,男
英次,ひでつぐ,hidetsugu,男
佑也,ゆうや,yuuya,男
裕明,ひろあき,hiroaki,男
佑哉,ゆうや,yuuya,男
昌信,まさのぶ,masanobu,男
昇太,しょうた,shouta,男
貴晴,たかはる,takaharu,男
康行,やすゆき,yasuyuki,男
隆介,りゅうすけ,ryuusuke,男
貴,たかし,takashi,男
貴嗣,たかし,takashi,男
寛史,ひろふみ,hirofumi,男
真路,まさみち,masamichi,男
恒一郎,こういちろう,kouichirou,男
高司,たかし,takashi,男
良彰,よしあき,yoshiaki,男
祐哉,ゆうや,yuuya,男
美孝,よしたか,yoshitaka,男
芳郎,よしお,yoshio,男
聖二,せいじ,seiji,男
拓雄,たくお,takuo,男
啓祐,けいすけ,keisuke,男
泰久,やすひさ,yasuhisa,男
勇次,ゆうじ,yuuji,男
佳介,かすけ,kasuke,男
真哉,しんや,shinya,男
昌也,まさや,masaya,男
拓夫,たくお,takuo,男
彰夫,あきお,akio,男
輝之,てるゆき,teruyuki,男
弘毅,こうき,kouki,男
雅文,まさふみ,masafumi,男
真士,まさし,masashi,男
佑紀,ゆき,yuki,男
正,ただし,tadashi,男
吉彦,よしひこ,yoshihiko,男
尚吾,しょうご,shougo,男
龍彦,たつひこ,tatsuhiko,男
聡一朗,そういちろう,souichirou,男
良祐,りょうすけ,ryousuke,男
俊雄,としお,toshio,男
清治,せいじ,seiji,男
晋二,しんじ,shinji,男
吉隆,よしたか,yoshitaka,男
伸,しん,shin,男
憲作,けんさく,kensaku,男
芳弘,よしひろ,yoshihiro,男
尚希,なおき,naoki,男
慶祐,けいすけ,keisuke,男
武尊,たける,takeru,男
拓矢,たくや,takuya,男
真宏,まさひろ,masahiro,男
順一,じゅんいち,jun'ichi,男
知明,ともあき,tomoaki,男
敏行,としゆき,toshiyuki,男
裕士,ゆうじ,yuuji,男
知行,ともゆき,tomoyuki,男
秀貴,ひでたか,hidetaka,男
正晃,のぶあき,nobuaki,男
鉄平,てっぺい,teppei,男
陽平,ようへい,youhei,男
圭一,けいいち,keiichi,男
泰蔵,たいぞう,taizou,男
伸行,のぶゆき,nobuyuki,男
千洋,ちひろ,chihiro,男
伸章,のぶあき,nobuaki,男
智彦,ともひこ,tomohiko,男
哲平,てっぺい,teppei,男
裕人,ひろと,hiroto,男
芳隆,よしたか,yoshitaka,男
淳也,じゅんや,junya,男
昭一,しょういち,shouichi,男
智啓,ともひろ,tomohiro,男
文孝,ふみたか,fumitaka,男
岳志,たけし,takeshi,男
真規,まさのり,masanori,男
行宏,ゆきひろ,yukihiro,男
将文,まさふみ,masafumi,男
利彰,としあき,toshiaki,男
峻介,しゅんすけ,shunsuke,男
健治,けんじ,kenji,男
英貴,ひでき,hideki,男
登志男,としお,toshio,男
幸則,ゆきのり,yukinori,男
研,けん,ken,男
正広,まさひろ,masahiro,男
雄介,ゆうすけ,yuusuke,男
伸治,しんじ,shinji,男
智己,ともき,tomoki,男
敦司,あつし,atsushi,男
宏臣,ひろおみ,hiroomi,男
篤司,あつし,atsushi,男
正和,まさかず,masakazu,男
泰臣,やすおみ,yasuomi,男
嶺,りょう,ryou,男
宙,ひろき,hiroki,男
功一,こういち,kouichi,男
瑞樹,みずき,mizuki,男
和彦,かずひこ,kazuhiko,男
貴也,やかや,yakaya,男
裕一,ゆういち,yuuichi,男
栄二,えいじ,eiji,男
直彦,なおひこ,naohiko,男
泰斗,やすと,yasuto,男
佑,ゆう,yuu,男
健一郎,けんいちろう,ken'ichirou,男
浩昭,ひろあき,hiroaki,男
英也,ひでや,hideya,男
謙,けん,ken,男
善徳,よしのり,yoshinori,男
克行,かつゆき,katsuyuki,男
真樹,まさき,masaki,男
洋一,よういち,youichi,男
章太郎,しょうたろう,shoutarou,男
祥史,さちふみ,sachifumi,男
貴弘,たかひろ,takahiro,男
正之,まさゆき,masayuki,男
圭介,けいすけ,keisuke,男
優太,ゆうた,yuuta,男
亮,りょう,ryou,男
信弥,しんや,shinya,男
純一,じゅんいち,jun'ichi,男
一,かず,kazu,男
利彦,かずひこ,kazuhiko,男
勝敏,かつとし,katsutoshi,男
孝彦,たかひこ,takahiko,男
章裕,あきひろ,akihiro,男
健太,けんた,kenta,男
和則,かずのり,kazunori,男
和幸,かずゆき,kazuyuki,男
和夫,かずお,kazuo,男
慶一,けいいち,keiichi,男
洋,ひろし,hiroshi,男
瞬,しゅん,shun,男
直也,なおや,naoya,男
秀晃,ひであき,hideaki,男
功,いさお,isao,男
博之,ひろゆき,hiroyuki,男
勇一,ゆういち,yuuichi,男
雅典,まさのり,masanori,男
譲治,じょうじ,jouji,男
建治,けんじ,kenji,男
幹雄,みきお,mikio,男
等,ひとし,hitoshi,男
政信,まさのぶ,masanobu,男
巨樹,きよき,kiyoki,男
典宏,のりひろ,norihiro,男
岳史,たかふみ,takafumi,男
隆信,たかのぶ,takanobu,男
正弘,まさひろ,masahiro,男
進,すすむ,susumu,男
信之,のぶゆき,nobuyuki,男
啓太郎,けいたろう,keitarou,男
昌弘,まさひろ,masahiro,男
昌平,しょうへい,shouhei,男
秀史,ひでふみ,hidefumi,男
恵一,けいいち,keiichi,男
章太,しょうた,shouta,男
一仁,かずひと,kazuhito,男
拓己,たくみ,takumi,男
一郎,いちろう,ichirou,男
諭,さとし,satoshi,男
茂範,しげのり,shigenori,男
智宏,ともひろ,tomohiro,男
治人,はると,haruto,男
真史,まさし,masashi,男
肇,はじめ,hajime,男
明,あきら,akira,男
春樹,はるき,haruki,男
祥平,しょうへい,shouhei,男
朋希,ともき,tomoki,男
浩也,ひろや,hiroya,男
剛,つよし,tsuyoshi,男
信雄,のぶお,nobuo,男
洋志,ひろし,hiroshi,男
幸司,こうじ,kouji,男
崇之,たかゆき,takayuki,男
敏郎,としろう,toshirou,男
智弘,としひろ,toshihiro,男
誠一郎,せいいちろう,seiichirou,男
亮輔,りょうすけ,ryousuke,男
良,りょう,ryou,男
政夫,まさお,masao,男
次郎,じろう,jirou,男
博史,ひろふみ,hirofumi,男
一之,かずゆき,kazuyuki,男
一宏,かずひろ,kazuhiro,男
宏司,あつし,atsushi,男
彬,あきら,akira,男
雅英,まさひで,masahide,男
賢吾,けんご,kengo,男
正憲,まさのり,masanori,男
裕生,ゆうき,yuuki,男
弘孝,ひろたか,hirotaka,男
聡一,そういち,souichi,男
昌人,まさと,masato,男
明人,あきひと,akihito,男
良浩,よしひろ,yoshihiro,男
誠司,せいじ,seiji,男
茂昭,しげあき,shigeaki,男
勝彦,かつひこ,katsuhiko,男
淳平,じゅんぺい,junpei,男
勲,いさお,isao,男
暁,あき,aki,男
雄司,ゆうじ,yuuji,男
悠,ひさし,hisashi,男
司,つかさ,tsukasa,男
力,つとむ,tsutomu,男
守弘,もりひろ,morihiro,男
雅明,まさあき,masaaki,男
晃宏,あきひろ,akihiro,男
誠一,せいいち,seiichi,男
哲行,てつゆき,tetsuyuki,男
真弘,まさひろ,masahiro,男
陽一,よういち,youichi,男
高志,たかし,takashi,男
宗和,ひろかず,hirokazu,男
幸一郎,こういちろう,kouichirou,男
信昭,のぶあき,nobuaki,男
伸一郎,しんいちろう,shin'ichirou,男
元,はじめ,hajime,男
和輝,かずき,kazuki,男
ひとし,ひとし,hitoshi,男
勝幸,かつゆき,katsuyuki,男
昌秀,まさひで,masahide,男
零,れい,rei,男
一隆,かずたか,kazutaka,男
良典,よしのり,yoshinori,男
正人,まさと,masato,男
道雄,みちお,michio,男
靖典,やすのり,yasunori,男
隆三,りゅうぞう,ryuuzou,男
昌紀,まさのり,masanori,男
悠介,ゆうすけ,yuusuke,男
正彦,まさひこ,masahiko,男
泰雄,やすお,yasuo,男
宗之,むねゆき,muneyuki,男
充彦,あつひこ,atsuhiko,男
明広,あきひろ,akihiro,男
政明,まさあき,masaaki,男
文雄,ふみお,fumio,男
義文,よしふみ,yoshifumi,男
弘,ひろし,hiroshi,男
晴生,はるき,haruki,男
弘志,ひろし,hiroshi,男
祐司,ゆうじ,yuuji,男
誉,たかし,takashi,男
佑介,ゆうすけ,yuusuke,男
伸明,のぶあき,nobuaki,男
涼,りょう,ryou,男
敬介,けいすけ,keisuke,男
正寛,まさひろ,masahiro,男
英敏,ひでとし,hidetoshi,男
和仁,かずひと,kazuhito,男
一生,いっしょう,isshou,男
俊広,としひろ,toshihiro,男
二郎,じろう,jirou,男
強,つよし,tsuyoshi,男
泰司,やすし,yasushi,男
彰彦,あきひこ,akihiko,男
伸一,しんいち,shin'ichi,男
康史,やすし,yasushi,男
直矢,なおや,naoya,男
知大,ともひろ,tomohiro,男
二朗,じろう,jirou,男
真実,まみ,mami,男
雄一郎,ゆういちろう,yuuichirou,男
陽,あきら,akira,男
勉,つとむ,tsutomu,男
彰範,あきのり,akinori,男
晃司,こうじ,kouji,男
康之,やすゆき,yasuyuki,男
純平,じゅんぺい,junpei,男
敏雄,としお,toshio,男
洋和,ひろかず,hirokazu,男
良平,りょうへい,ryouhei,男
馨,かおる,kaoru,男
日出男,ひでお,hideo,男
朋,とも,tomo,男
淳司,じゅんじ,junji,男
アキラ,あきら,akira,男
昌宏,まさひろ,masahiro,男
聡之,としゆき,toshiyuki,男
光志,こうじ,kouji,男
竜一,りゅういち,ryuuichi,男
卓,すぐる,suguru,男
孝志,たかし,takashi,男
丈雄,たけお,takeo,男
秀行,ひでゆき,hideyuki,男
昭夫,あきお,akio,男
祐一,ゆういち,yuuichi,男
良一,りょう,ryou,男
俊輔,しゅんすけ,shunsuke,男
隆,たかし,takashi,男
隆博,たかひろ,takahiro,男
浩一,こういち,kouichi,男
竜太,りょうた,ryouta,男
啓次,けいじ,keiji,男
昭仁,あきひと,akihito,男
雅史,まさし,masashi,男
弘之,ひろゆき,hiroyuki,男
伸介,しんすけ,shinsuke,男
泰洋,やすひろ,yasuhiro,男
悠太,ゆうた,yuuta,男
達郎,たつろう,tatsurou,男
成典,しげのり,shigenori,男
努,つとむ,tsutomu,男
順,じゅん,jun,男
真人,まひと,mahito,男
信太郎,しんたろう,shintarou,男
英明,ひであき,hideaki,男
芳朗,よしあき,yoshiaki,男
翼,つばさ,tsubasa,男
徹也,てつや,tetsuya,男
康裕,やすひろ,yasuhiro,男
直史,なおふみ,naofumi,男
幸輝,こうき,kouki,男
博志,ひろし,hiroshi,男
秀章,ひであき,hideaki,男
俊祐,しゅんすけ,shunsuke,男
友希,ゆき,yuki,男
祐人,ゆうと,yuuto,男
岳大,たけひろ,takehiro,男
史朗,しろう,shirou,男
雅樹,まさき,masaki,男
信孝,のぶたか,nobutaka,男
太朗,たろう,tarou,男
真二,しんじ,shinji,男
孝則,たかのり,takanori,男
洋人,ひろと,hiroto,男
孝二,こうじ,kouji,男
広明,ひろあき,hiroaki,男
和孝,かずたか,kazutaka,男
友樹,ゆうき,yuuki,男
雄大,たけひろ,takehiro,男
秀太,しゅうた,shuuta,男
義彦,よしひこ,yoshihiko,男
龍太,りょうた,ryouta,男
渉,わたる,wataru,男
俊彦,としひこ,toshihiko,男
秀和,ひでかず,hidekazu,男
満,みちる,michiru,男
敏男,としお,toshio,男
克之,かつゆき,katsuyuki,男
雅行,まさゆき,masayuki,男
公浩,きみひろ,kimihiro,男
由章,よしあき,yoshiaki,男
和己,かずき,kazuki,男
良太,りょうた,ryouta,男
佑樹,ゆうき,yuuki,男
雅敏,まさとし,masatoshi,男
俊介,しゅんすけ,shunsuke,男
昌裕,まさひろ,masahiro,男
英典,ひでのり,hidenori,男
幸治,こうじ,kouji,男
昭,あきら,akira,男
駿,しゅん,shun,男
和成,かずなり,kazunari,男
利明,としあき,toshiaki,男
博規,ひろき,hiroki,男
光孝,みつたか,mitsutaka,男
泰史,ひろふみ,hirofumi,男
好明,よしあき,yoshiaki,男
大志,ひろし,hiroshi,男
尚志,ひさし,hisashi,男
健,けん,ken,男
幹人,みきと,mikito,男
勝善,かつよし,katsuyoshi,男
浩司,ひろし,hiroshi,男
友章,ともあき,tomoaki,男
幸介,こうすけ,kousuke,男
英史,ひでふみ,hidefumi,男
伸之,のぶゆき,nobuyuki,男
裕也,ゆうや,yuuya,男
宏基,こうき,kouki,男
彰吾,しょうご,shougo,男
新平,しんぺい,shinpei,男
智紀,とものり,tomonori,男
拓朗,たくろう,takurou,男
和博,かずひろ,kazuhiro,男
啓介,けいすけ,keisuke,男
克彦,かつひこ,katsuhiko,男
康夫,やすお,yasuo,男
善博,よしひろ,yoshihiro,男
和也,かずや,kazuya,男
宏和,ひろかず,hirokazu,男
良行,よしゆき,yoshiyuki,男
貴章,たかあき,takaaki,男
遼,りょう,ryou,男
裕介,ゆうすけ,yuusuke,男
武士,たけし,takeshi,男
聖,まさし,masashi,男
正博,まさひろ,masahiro,男
一峰,かずみね,kazumine,男
義典,よしのり,yoshinori,男
勇人,はやと,hayato,男
一彦,かずひこ,kazuhiko,男
護,まもる,mamoru,男
隆之,たかゆき,takayuki,男
義則,よしのり,yoshinori,男
裕之,ひろゆき,hiroyuki,男
勝史,かつし,katsushi,男
和俊,かずとし,kazutoshi,男
崇,たかし,takashi,男
智史,さとし,satoshi,男
光浩,みつひろ,mitsuhiro,男
雅朗,まさあき,masaaki,男
大樹,たいき,taiki,男
尚紀,なおき,naoki,男
伸幸,のぶゆき,nobuyuki,男
大介,だいすけ,daisuke,男
学,まなぶ,manabu,男
一樹,かずき,kazuki,男
辰也,たつや,tatsuya,男
啓太,けいた,keita,男
孝一,こういち,kouichi,男
貴久,たかひさ,takahisa,男
貴之,たかゆき,takayuki,男
遊,ゆう,yuu,男
健一,けんいち,ken'ichi,男
均,ひとし,hitoshi,男
充,みつる,mitsuru,男
光博,みつひろ,mitsuhiro,男
啓之,ひろゆき,hiroyuki,男
宏史,ひろし,hiroshi,男
和徳,かずのり,kazunori,男
拓馬,たくま,takuma,男
亮祐,りょうすけ,ryousuke,男
祐治,ゆうじ,yuuji,男
篤,あつし,atsushi,男
和英,かずひで,kazuhide,男
塁,るい,rui,男
雄一,ゆういち,yuuichi,男
浩太郎,こうたろう,koutarou,男
秀明,ひであき,hideaki,男
昂平,こうへい,kouhei,男
弘一,こういち,kouichi,男
雅和,まさかず,masakazu,男
毅,たかし,takashi,男
慶一郎,けいいちろう,keiichirou,男
栄一,えいいち,eiichi,男
純,あや,aya,男
明久,あきひさ,akihisa,男
航,わたる,wataru,男
誠,まこと,makoto,男
正夫,まさお,masao,男
淳,じゅん,jun,男
薫,かおる,kaoru,男
高史,たかふみ,takafumi,男
将信,まさのぶ,masanobu,男
哲也,てつや,tetsuya,男
昌幸,まさゆき,masayuki,男
貴志,たかし,takashi,男
勝博,かつひろ,katsuhiro,男
英樹,ひでき,hideki,男
秀夫,ひでお,hideo,男
実,みのる,minoru,男
将貴,のぶたか,nobutaka,男
涼介,りょうすけ,ryousuke,男
典之,のりゆき,noriyuki,男
武宏,たけひろ,takehiro,男
慎二,しんじ,shinji,男
徹,とおる,tooru,男
智之,ともゆき,tomoyuki,男
仁,ひとし,hitoshi,男
啓佑,けいすけ,keisuke,男
直紀,なおき,naoki,男
晃,あきら,akira,男
陽介,ようすけ,yousuke,男
信夫,のぶお,nobuo,男
幸作,こうさく,kousaku,男
賢一,けんいち,ken'ichi,男
真一,しんいち,shin'ichi,男
武,たける,takeru,男
達志,さとし,satoshi,男
裕司,ゆうじ,yuuji,男
博基,ひろき,hiroki,男
喬,たかし,takashi,男
鉄,てつ,tetsu,男
康弘,やすひろ,yasuhiro,男
知久,ともひさ,tomohisa,男
大地,だいち,daichi,男
紀明,のりあき,noriaki,男
義久,よしひさ,yoshihisa,男
恒太,こうた,kouta,男
博幸,ひろゆき,hiroyuki,男
秀樹,ひでき,hideki,男
健太朗,けんたろう,kentarou,男
和磨,かずま,kazuma,男
雅実,まさみ,masami,男
英治,えいじ,eiji,男
哲生,てつお,tetsuo,男
亮介,りょうすけ,ryousuke,男
正行,まさゆき,masayuki,男
玄,げん,gen,男
和宏,かずひろ,kazuhiro,男
耕治,こうじ,kouji,男
健二,けんじ,kenji,男
悠一郎,ゆういちろう,yuuichirou,男
慎介,しんすけ,shinsuke,男
宏治,こうじ,kouji,男
彰宏,あきひろ,akihiro,男
太郎,たろう,tarou,男
達也,たつや,tatsuya,男
博,ひろし,hiroshi,男
眞,まこと,makoto,男
敏章,としあき,toshiaki,男
亘,わたる,wataru,男
忠彦,ただひこ,tadahiko,男
巧,たくみ,takumi,男
紀人,のりひと,norihito,男
広,ひろひ,hirohi,男
和郎,かずお,kazuo,男
重行,しげゆき,shigeyuki,男
浩之,ひろゆき,hiroyuki,男
英一郎,えいいちろう,eiichirou,男
龍也,りゅうや,ryuuya,男
幸樹,こうき,kouki,男
慎之介,しんのすけ,shinnosuke,男
はじめ,はじめ,hajime,男
宏幸,ひろゆき,hiroyuki,男
光太郎,みつたろう,mitsutarou,男
隼人,はやと,hayato,男
隆一,りゅういち,ryuuichi,男
光,ひかる,hikaru,男
仁志,ひとし,hitoshi,男
敦,あつし,atsushi,男
敏,さとし,satoshi,男
裕幸,ひろゆき,hiroyuki,男
茂,しげる,shigeru,男
晴久,はるひさ,haruhisa,男
一弘,かずひろ,kazuhiro,男
弘徳,ひろのり,hironori,男
慎一,しんいち,shin'ichi,男
郁夫,いくお,ikuo,男
浩一郎,こういちろう,kouichirou,男
慎也,しんや,shinya,男
隆浩,たかひろ,takahiro,男
泰三,たいぞう,taizou,男
弘樹,ひろき,hiroki,男
豊,ゆたか,yutaka,男
幸男,ゆきお,yukio,男
智,とも,tomo,男
一平,いっぺい,ippei,男
孝明,たかあき,takaaki,男
将志,まさし,masashi,男
建一,けんいち,ken'ichi,男
博紀,ひろき,hiroki,男
光生,こうせい,kousei,男
義行,よしゆき,yoshiyuki,男
義浩,よしひろ,yoshihiro,男
大,だい,dai,男
勝,まさる,masaru,男
善久,よしひさ,yoshihisa,男
俊博,としひろ,toshihiro,男
卓也,たくや,takuya,男
たくみ,たくみ,takumi,男
俊哉,としや,toshiya,男
慧,けい,kei,男
周平,しゅうへい,shuuhei,男
昌志,まさし,masashi,男
英登,ひでとう,hidetou,男
岳彦,たけひこ,takehiko,男
友宏,ともひろ,tomohiro,男
幹太,かんた,kanta,男
秀俊,ひでとし,hidetoshi,男
英俊,ひでとし,hidetoshi,男
康太,こうた,kouta,男
晃弘,あきひろ,akihiro,男
孝典,たかのり,takanori,男
悟,さとる,satoru,男
明弘,あきひろ,akihiro,男
公一,こういち,kouichi,男
泰夫,やすお,yasuo,男
大輔,だいすけ,daisuke,男
良徳,よしのり,yoshinori,男
弘明,ひろあき,hiroaki,男
尭,たかし,takashi,男
祐介,ゆうすけ,yuusuke,男
一久,かずひさ,kazuhisa,男
俊一,しゅんいち,shun'ichi,男
一人,かずひと,kazuhito,男
耕平,こうへい,kouhei,男
賢介,けんすけ,kensuke,男
秀昭,ひであき,hideaki,男
隆幸,たかゆき,takayuki,男
正章,まさあき,masaaki,男
泰一,たいいち,taiichi,男
和浩,かずひろ,kazuhiro,男
芳博,よしひろ,yoshihiro,男
文明,ふみあき,fumiaki,男
義昭,よしあき,yoshiaki,男
直哉,なおや,naoya,男
直樹,なおき,naoki,男
祐輔,ゆうすけ,yuusuke,男
裕,ひろし,hiroshi,男
結,ゆい,yui,男
隆行,たかゆき,takayuki,男
潤,じゆん,jiyun,男
憲治,けんじ,kenji,男
稔,みのる,minoru,男
久夫,ひさお,hisao,男
洋介,ようすけ,yousuke,男
真知,まち,machi,男
貴生,たかお,takao,男
俊之,としゆき,toshiyuki,男
邦彦,くにひこ,kunihiko,男
雄太,ゆうた,yuuta,男
謙一,けんいち,ken'ichi,男
裕二,ゆうじ,yuuji,男
伸一朗,しんいちろう,shin'ichirou,男
博樹,ひろき,hiroki,男
直行,なおゆき,naoyuki,男
勇,ゆう,yuu,男
俊明,としあき,toshiaki,男
広之,ひろゆき,hiroyuki,男
広輝,ひろき,hiroki,男
国弘,くにひろ,kunihiro,男
博明,ひろあき,hiroaki,男
秀,ひで,hide,男
宣昭,のぶあき,nobuaki,男
靖彦,やすひこ,yasuhiko,男
貢,みつぐ,mitsugu,男
浩,ひろし,hiroshi,男
克美,かつみ,katsumi,男
隆広,たかひろ,takahiro,男
信彦,のぶひこ,nobuhiko,男
健大,たけひろ,takehiro,男
康人,やすと,yasuto,男
浩章,ひろあき,hiroaki,男
靖史,やすふみ,yasufumi,男
太一,たいち,taichi,男
輝夫,てるお,teruo,男
雄人,ゆうと,yuuto,男
宏一,こういち,kouichi,男
彰一,しょういち,shouichi,男
慎平,しんぺい,shinpei,男
謙太郎,けんたろう,kentarou,男
雅治,まさはる,masaharu,男
輝,あきら,akira,男
茂樹,しげき,shigeki,男
良治,りょうじ,ryouji,男
卓哉,たくや,takuya,男
聖也,せいや,seiya,男
直久,なおひさ,naohisa,男
穂高,ほたか,hotaka,男
孝行,たかゆき,takayuki,男
治夫,はるお,haruo,男
真也,しんや,shinya,男
啓,けい,kei,男
基,もとい,motoi,男
孝,たかし,takashi,男
幸輔,こうすけ,kousuke,男
淳一,じゅんいち,jun'ichi,男
啓史,ひろふみ,hirofumi,男
拓真,たくま,takuma,男
将史,まさし,masashi,男
尚登,なおと,naoto,男
潤也,じゅんや,junya,男
将光,まさみつ,masamitsu,男
克也,かつや,katsuya,男
健志,けんじ,kenji,男
修二,しゅうじ,shuuji,男
洵,まこと,makoto,男
康男,やすお,yasuo,男
良介,りょうすけ,ryousuke,男
智英,ともひで,tomohide,男
重和,しげかず,shigekazu,男
幸宏,ゆきひろ,yukihiro,男
正洋,まさひろ,masahiro,男
真彦,まさひこ,masahiko,男
中,なか,naka,男
昌夫,まさお,masao,男
智晃,ともあき,tomoaki,男
将臣,まさおみ,masaomi,男
裕次,ゆうじ,yuuji,男
昌生,まさお,masao,男
俊男,としお,toshio,男
崇仁,たかひと,takahito,男
英徳,ひでのり,hidenori,男
京一,きょういち,kyouichi,男
丈洋,たけひろ,takehiro,男
剛志,つよし,tsuyoshi,男
健裕,たけひろ,takehiro,男
修平,しゅうへい,shuuhei,男
芳夫,よしお,yoshio,男
健児,けんじ,kenji,男
基希,もとき,motoki,男
敬史,けいし,keishi,男
貴将,たかまさ,takamasa,男
一哲,かずのり,kazunori,男
茂夫,しげお,shigeo,男
登,のぼる,noboru,男
大三,だいぞう,daizou,男
道治,みちはる,michiharu,男
雅人,まさと,masato,男
義和,よしかず,yoshikazu,男
真澄,ますみ,masumi,男
将則,まさのり,masanori,男
一利,かずとし,kazutoshi,男
英輔,えいすけ,eisuke,男
欣也,きんや,kinya,男
正孝,まさたか,masataka,男
一茂,かずしげ,kazushige,男
恒,ひさし,hisashi,男
翔一,しょういち,shouichi,男
修一,しゅういち,shuuichi,男
好司,こうじ,kouji,男
滋人,しげひと,shigehito,男
泰治,やすはる,yasuharu,男
雅之,まさゆき,masayuki,男
徳明,のりあき,noriaki,男
武史,たけふみ,takefumi,男
雅司,まさし,masashi,男
信貴,のぶたか,nobutaka,男
佳穂,かほ,kaho,男
貴大,たかひろ,takahiro,男
朋実,ともみ,tomomi,男
康次,こうじ,kouji,男
充洋,みつひろ,mitsuhiro,男
浩文,ひろふみ,hirofumi,男
巌,いわお,iwao,男
寿彦,としひこ,toshihiko,男
浩彰,ひろあき,hiroaki,男
平,たいら,taira,男
広高,ひろたか,hirotaka,男
治,おさむ,osamu,男
正也,まさや,masaya,男
恭弘,たかひろ,takahiro,男
雅博,まさひろ,masahiro,男
雄,ゆう,yuu,男
亮二,りょうじ,ryouji,男
道夫,みちお,michio,男
正成,まさしげ,masashige,男
隆司,りゅうじ,ryuuji,男
孝文,たかふみ,takafumi,男
裕貴,ゆうき,yuuki,男
健士,けんじ,kenji,男
葵,あおい,aoi,男
倫也,ともや,tomoya,男
圭佑,けいすけ,keisuke,男
敦士,あつし,atsushi,男
知博,ともひろ,tomohiro,男
耕司,こうじ,kouji,男
幹彦,みきひこ,mikihiko,男
和久,かずひさ,kazuhisa,男
崇嗣,たかつぐ,takatsugu,男
直人,なおと,naoto,男
太洋,たいよう,taiyou,男
康秀,やすひで,yasuhide,男
一真,かずま,kazuma,男
一馬,かずま,kazuma,男
智隆,ともたか,tomotaka,男
洋幸,ひろゆき,hiroyuki,男
英,すぐる,suguru,男
慶太,けいた,keita,男
圭輔,けいすけ,keisuke,男
伸也,しんや,shinya,男
健次,けんじ,kenji,男
秀文,ひでふみ,hidefumi,男
信行,のぶゆき,nobuyuki,男
伸二,しんじ,shinji,男
耕一,こういち,kouichi,男
裕久,ひろひさ,hirohisa,男
孔明,よしあき,yoshiaki,男
郁,かおる,kaoru,男
佑司,ゆうじ,yuuji,男
信吾,しんご,shingo,男
修司,しゅうじ,shuuji,男
清隆,きよたか,kiyotaka,男
太志,たいし,taishi,男
武司,たけし,takeshi,男
知弘,ともひろ,tomohiro,男
真幸,まさゆき,masayuki,男
健彦,たけひこ,takehiko,男
克敏,かつとし,katsutoshi,男
洋行,ひろゆき,hiroyuki,男
弥,わたる,wataru,男
秀之,ひでゆき,hideyuki,男
心,こころ,kokoro,男
忠夫,ただお,tadao,男
哲央,てつお,tetsuo,男
桂,けい,kei,男
邦夫,くにお,kunio,男
雄二,ゆうじ,yuuji,男
英朗,ひでお,hideo,男
清人,きよと,kiyoto,男
貴史,たかし,takashi,男
芳明,よしあき,yoshiaki,男
一輝,かずき,kazuki,男
英人,ひでと,hideto,男
友輝,ゆうき,yuuki,男
健介,けんすけ,kensuke,男
裕輔,ゆうすけ,yuusuke,男
和昭,かずあき,kazuaki,男
哲男,てつお,tetsuo,男
祥吾,しょうご,shougo,男
賢太郎,けんたろう,kentarou,男
士郎,しろう,shirou,男
将,まさる,masaru,男
大揮,ひろき,hiroki,男
優也,ゆうや,yuuya,男
朗,ろう,rou,男
和広,かずひろ,kazuhiro,男
志朗,しろう,shirou,男
正治,せいじ,seiji,男
英夫,ひでお,hideo,男
正美,まさみ,masami,男
省二,せいじ,seiji,男
大貴,たいき,taiki,男
航也,こうや,kouya,男
賢,けん,ken,男
祐,ゆう,yuu,男
友之,ともゆき,tomoyuki,男
一朗,いちろー,ichiroo,男
善行,よしゆき,yoshiyuki,男
輝雄,てるお,teruo,男
一憲,かずのり,kazunori,男
将太,しょうた,shouta,男
幸二,こうじ,kouji,男
晋司,しんじ,shinji,男
豊樹,とよき,toyoki,男
栄輔,えいすけ,eisuke,男
潤一,じゅんいち,jun'ichi,男
勝雄,まさお,masao,男
佑輔,ゆうすけ,yuusuke,男
康晴,やすはる,yasuharu,男
利朗,としろう,toshirou,男
理,みち,michi,男
真裕,まさひろ,masahiro,男
清司,きよし,kiyoshi,男
真央,まお,mao,男
繁,しげる,shigeru,男
たか,たか,taka,男
広志,ひろし,hiroshi,男
賢司,けんじ,kenji,男
尚久,なおひさ,naohisa,男
卓弘,たかひろ,takahiro,男
雄治,ゆうじ,yuuji,男
英喜,ひでき,hideki,男
靖,やすし,yasushi,男
壮,たけし,takeshi,男
良太郎,りょうたろう,ryoutarou,男
佳之,よしゆき,yoshiyuki,男
佳宏,よしひろ,yoshihiro,男
晋太郎,しんたろう,shintarou,男
永,ひさし,hisashi,男
純也,じゅんや,junya,男
正幸,まさゆき,masayuki,男
浩伸,ひろのぶ,hironobu,男
智久,ともひさ,tomohisa,男
洋充,ひろみつ,hiromitsu,男
貴博,たかひろ,takahiro,男
宗一郎,そういちろう,souichirou,男
洋文,ひろふみ,hirofumi,男
貴裕,たかひろ,takahiro,男
聡一郎,そういちろう,souichirou,男
信司,しんじ,shinji,男
正則,まさのり,masanori,男
正秀,まさひで,masahide,男
康,やすし,yasushi,男
俊貴,としき,toshiki,男
久雄,ひさお,hisao,男
智也,ともや,tomoya,男
哲,さとし,satoshi,男
洋之,ひろゆき,hiroyuki,男
新悟,しんご,shingo,男
憲一,けんいち,ken'ichi,男
浩史,ひろし,hiroshi,男
匠吾,しょうご,shougo,男
和範,かずのり,kazunori,男
修一郎,しゅういちろう,shuuichirou,男
竹彦,たけひこ,takehiko,男
信介,しんすけ,shinsuke,男
好史,よしふみ,yoshifumi,男
丈,じょー,joo,男
晋,すすむ,susumu,男
幸嗣,こうじ,kouji,男
晴彦,はるひこ,haruhiko,男
輝一,てるかず,terukazu,男
義教,よしのり,yoshinori,男
友也,ゆうや,yuuya,男
朋弘,ともひろ,tomohiro,男
剛太,ごうた,gouta,男
知也,ともや,tomoya,男
真久,みちひさ,michihisa,男
大助,だいすけ,daisuke,男
恵介,けいすけ,keisuke,男
たかひろ,たかひろ,takahiro,男
裕彦,ひろひこ,hirohiko,男
泰,やすし,yasushi,男
英一,えいいち,eiichi,男
清久,きよひさ,kiyohisa,男
昌洋,まさひろ,masahiro,男
良紀,よしき,yoshiki,男
岳,たけし,takeshi,男
国雄,くにお,kunio,男
竜介,りゅうすけ,ryuusuke,男
隆章,たかあき,takaaki,男
暁人,あきと,akito,男
治樹,はるき,haruki,男
浩行,ひろゆき,hiroyuki,男
タケル,たける,takeru,男
雄輔,ゆうすけ,yuusuke,男
英之,ひでゆき,hideyuki,男
勇貴,ゆうき,yuuki,男
崇宏,たかひろ,takahiro,男
康孝,やすたか,yasutaka,男
健吾,けんご,kengo,男
泰輔,たいすけ,taisuke,男
洋二,ようじ,youji,男
達彦,たつひこ,tatsuhiko,男
大祐,だいすけ,daisuke,男
和豊,かずとよ,kazutoyo,男
竜也,たつや,tatsuya,男
公則,まさのり,masanori,男
高弘,たかひろ,takahiro,男
英郎,ひでお,hideo,男
武則,たけのり,takenori,男
一城,かずき,kazuki,男
信弘,のぶひろ,nobuhiro,男
俊也,としや,toshiya,男
将之,まさゆき,masayuki,男
拓,たく,taku,男
浩平,こうへい,kouhei,男
正利,まさとし,masatoshi,男
宏,ひろし,hiroshi,男
貴文,たかふみ,takafumi,男
新,しん,shin,男
典正,のりまさ,norimasa,男
秀治,しゅうじ,shuuji,男
康幸,やすゆき,yasuyuki,男
茂雄,しげお,shigeo,男
裕樹,ゆうき,yuuki,男
友貴,ゆき,yuki,男
賢治,けんじ,kenji,男
徳昭,のりあき,noriaki,男
隆男,たかお,takao,男
寛幸,ひろゆき,hiroyuki,男
喜一郎,きいちろう,kiichirou,男
吉之,よしゆき,yoshiyuki,男
知幸,ともゆき,tomoyuki,男
哲夫,てつお,tetsuo,男
伸樹,のぶき,nobuki,男
義一,よしかず,yoshikazu,男
昭博,あきひろ,akihiro,男
智昭,ともあき,tomoaki,男
英二,えいじ,eiji,男
武男,たけお,takeo,男
佑一郎,ゆういちろう,yuuichirou,男
良彦,よしひこ,yoshihiko,男
こうじ,こうじ,kouji,男
和哉,かずや,kazuya,男
知彦,ともひこ,tomohiko,男
浩三,こうぞう,kouzou,男
健生,たけお,takeo,男
節子,せつこ,setsuko,男
和晃,かずあき,kazuaki,男
克人,かつと,katsuto,男
健宏,たけひろ,takehiro,男
信之介,しんのすけ,shinnosuke,男
圭吾,けいご,keigo,男
忍,しのぶ,shinobu,男
雅俊,まさとし,masatoshi,男
文和,ふみかず,fumikazu,男
拓哉,たくや,takuya,男
寛,ひろし,hiroshi,男
義之,よしゆき,yoshiyuki,男
真吾,しんご,shingo,男
俊,しゅん,shun,男
龍,りゅう,ryuu,男
孝浩,たかひろ,takahiro,男
翔太,しょうた,shouta,男
寿人,ひさと,hisato,男
博文,ひろふみ,hirofumi,男
雅秀,まさひで,masahide,男
真司,しんじ,shinji,男
宏介,こうすけ,kousuke,男
康二,こうじ,kouji,男
透,とおる,tooru,男
修,おさむ,osamu,男
政志,まさゆき,masayuki,男
幹,かん,kan,男
泰生,やすお,yasuo,男
勇樹,ゆうき,yuuki,男
喜一,きいち,kiichi,男
真悟,しんご,shingo,男
明宏,あきひろ,akihiro,男
賢哉,けんや,kenya,男
裕太,ゆうた,yuuta,男
哲宏,あきひろ,akihiro,男
俊和,としかず,toshikazu,男
佑一,ゆういち,yuuichi,男
進一郎,しんいちろう,shin'ichirou,男
佑輝,ゆうき,yuuki,男
拓也,たくや,takuya,男
泰弘,たいこう,taikou,男
光太,こうた,kouta,男
勇太,ゆうた,yuuta,男
慎太郎,しんたろう,shintarou,男
達矢,たつや,tatsuya,男
正明,まさあき,masaaki,男
弘道,ひろみち,hiromichi,男
恭平,きょうへい,kyouhei,男
尚,なお,nao,男
孝仁,たかひと,takahito,男
雄作,ゆうさく,yuusaku,男
泰平,やすひら,yasuhira,男
弘和,ひろかず,hirokazu,男
雅幸,まさゆき,masayuki,男
真之介,しんのすけ,shinnosuke,男
しんや,しんや,shinya,男
孝夫,たかお,takao,男
朋之,ともゆき,tomoyuki,男
宏明,ひろあき,hiroaki,男
伸吾,しんご,shingo,男
智洋,ともひろ,tomohiro,男
敏彦,としひこ,toshihiko,男
将也,まさなり,masanari,男
隆志,たかし,takashi,男
一誠,いっせい,issei,男
ジュン,じゅん,jun,男
洋光,ひろあき,hiroaki,男
達哉,たつや,tatsuya,男
康志,やすゆき,yasuyuki,男
孝洋,たかひろ,takahiro,男
武彦,たけひこ,takehiko,男
久人,ひさと,hisato,男
知樹,ともき,tomoki,男
康平,こうへい,kouhei,男
みのる,みのる,minoru,男
智一,ともかず,tomokazu,男
道広,みちひろ,michihiro,男
俊一郎,しゅんいちろう,shun'ichirou,男
一成,いっせい,issei,男
知之,ともゆき,tomoyuki,男
聡,あきら,akira,男
洋三,ようぞう,youzou,男
良尚,よしなお,yoshinao,男
夏樹,なつき,natsuki,男
明男,あきお,akio,男
宏昭,ひろあき,hiroaki,男
昌彦,まさひこ,masahiko,男
大佑,だいすけ,daisuke,男
竜志,たつし,tatsushi,男
大悟,だいご,daigo,男
秀次,ひでつぐ,hidetsugu,男
正己,まさみ,masami,男
一行,かずゆき,kazuyuki,男
大洋,たいよう,taiyou,男
昌樹,まさき,masaki,男
敦史,あつし,atsushi,男
良寛,よしひろ,yoshihiro,男
征也,まさや,masaya,男
弘一郎,こういちろう,kouichirou,男
善隆,よしたか,yoshitaka,男
友和,ともかず,tomokazu,男
智輝,ともき,tomoki,男
よしひろ,よしひろ,yoshihiro,男
康隆,やすたか,yasutaka,男
幸太,こうた,kouta,男
剛史,たけし,takeshi,男
崇史,たかし,takashi,男
高之,たかゆき,takayuki,男
尚幸,なおゆき,naoyuki,男
勝己,かつみ,katsumi,男
環,たまき,tamaki,男
宗治,そうじ,souji,男
好博,よしひろ,yoshihiro,男
智和,ともかず,tomokazu,男
史,ふみ,fumi,男
誠太郎,せいたろう,seitarou,男
恭介,きょうすけ,kyousuke,男
直幸,なおゆき,naoyuki,男
伸太郎,しんたろう,shintarou,男
靖弘,やすひろ,yasuhiro,男
烈,れつ,retsu,男
英幸,ひでゆき,hideyuki,男
教之,かずゆき,kazuyuki,男
康成,やすなり,yasunari,男
豪,たけし,takeshi,男
伸哉,しんや,shinya,男
英男,ひでお,hideo,男
俊治,しゅんじ,shunji,男
真,まこと,makoto,男
勇輔,ゆうすけ,yuusuke,男
龍二,りゅうじ,ryuuji,男
健祐,けんすけ,kensuke,男
潔,きよし,kiyoshi,男
祐規,ゆうき,yuuki,男
匠太,しょうた,shouta,男
真治,しんじ,shinji,男
雅也,まさや,masaya,男
敬祐,けいすけ,keisuke,男
工,こう,kou,男
一明,かずあき,kazuaki,男
弦,ゆずる,yuzuru,男
克己,かつみ,katsumi,男
雅彦,まさひこ,masahiko,男
高広,たかひろ,takahiro,男
洋貴,ひろたか,hirotaka,男
敬太,けいた,keita,男
翔平,しょうへい,shouhei,男
桂一,けいいち,keiichi,男
剛司,たけし,takeshi,男
孝男,たかお,takao,男
正直,まさなお,masanao,男
亮平,りょうへい,ryouhei,男
森,もり,mori,男
統,おさむ,osamu,男
崇司,たかし,takashi,男
祥之,よしゆき,yoshiyuki,男
一晃,かずあき,kazuaki,男
基樹,もとき,motoki,男
昇,のぼる,noboru,男
智士,さとし,satoshi,男
寿幸,としゆき,toshiyuki,男
洋一郎,とういちろう,touichirou,男
明裕,あきひろ,akihiro,男
武志,たけし,takeshi,男
翔,しょう,shou,男
俊夫,としお,toshio,男
勝昭,かつあき,katsuaki,男
泰宏,やすひろ,yasuhiro,男
崇彦,たかひこ,takahiko,男
吉規,よしのり,yoshinori,男
英哲,ひであき,hideaki,男
一哉,かずや,kazuya,男
邦広,くにひろ,kunihiro,男
尚史,たかし,takashi,男
壮史,まさふみ,masafumi,男
拓郎,たくろう,takurou,男
敬,たかし,takashi,男
芳典,よしのり,yoshinori,男
孝俊,たかとし,takatoshi,男
政治,せいじ,seiji,男
順哉,じゅんや,junya,男
淳一郎,じゅんいちろう,jun'ichirou,男
英児,えいじ,eiji,男
幸彦,ゆきひこ,yukihiko,男
光弘,みつひろ,mitsuhiro,男
一貴,かずき,kazuki,男
祐樹,ゆうき,yuuki,男
岳洋,たけひろ,takehiro,男
政司,まさし,masashi,男
昭男,あきお,akio,男
和史,かずし,kazushi,男
孝史,たかふみ,takafumi,男
健司,けんじ,kenji,男
優一,ゆういち,yuuichi,男
直弘,なおひろ,naohiro,男
彰,あきら,akira,男
貴司,たかし,takashi,男
啓司,けいじ,keiji,男
佳明,よしあき,yoshiaki,男
雅,まさし,masashi,男
晋也,しんや,shinya,男
匡,ただし,tadashi,男
康生,やすお,yasuo,男
栄,さかえ,sakae,男
史哉,ふみや,fumiya,男
尊之,たかゆき,takayuki,男
章人,あきひと,akihito,男
英雄,ひでお,hideo,男
たかゆき,たかゆき,takayuki,男
亨,とおる,tooru,男
伸次,しんじ,shinji,男
忠,ただし,tadashi,男
秀憲,ひでのり,hidenori,男
寛和,ひろかず,hirokazu,男
裕典,ひろのり,hironori,男
晃浩,あきひろ,akihiro,男
幸平,こうへい,kouhei,男
