,name,kana,romanized
0,山名,やまな,yamana
1,橋本,はしもと,hashimoto
2,末田,すえだ,sueda
3,森山,もりやま,moriyama
4,奈須,なす,nasu
5,藤井,ふじい,fujii
6,山川,やまかわ,yamakawa
7,山田,やまだ,yamada
8,三浦,みうら,miura
9,清水,しみず,shimizu
10,吉岡,よしおか,yoshioka
11,山崎,やまざき,yamazaki
12,岩瀬,いわせ,iwase
13,安田,やすだ,yasuda
14,高橋,たかはし,takahashi
15,宮崎,みやざき,miyazaki
16,畑山,はたやま,hatayama
17,島田,しまだ,shimada
18,木野,きの,kino
19,大西,おおにし,oonishi
20,相原,あいはら,aihara
21,平井,ひらい,hirai
22,冨永,とみなが,tominaga
23,福島,ふくしま,fukushima
24,西田,にしだ,nishida
25,縄田,なわた,nawata
26,稲毛,いなげ,inage
27,太田,おおた,oota
28,竹下,たけした,takeshita
29,栗原,くりはら,kurihara
30,豊田,とよだ,toyoda
31,小山,こやま,koyama
32,坂本,さかもと,sakamoto
33,青木,あおき,aoki
34,小倉,おぐら,ogura
35,西山,にしやま,nishiyama
36,近藤,こんどう,kondou
37,西,にし,nishi
38,前野,まえの,maeno
39,前田,まえだ,maeda
40,井上,いのうえ,inoue
41,中山,なかやま,nakayama
42,渡邉,わたなべ,watanabe
43,犬塚,いぬづか,inuzuka
44,藤川,ふじかわ,fujikawa
45,野呂,のろ,noro
46,藤木,ふじき,fujiki
47,松本,まつもと,matsumoto
48,林,はやし,hayashi
49,斉藤,さいとう,saitou
50,小嶋,こじま,kojima
51,高柳,たかやなぎ,takayanagi
52,櫻井,さくらい,sakurai
53,三宅,みやけ,miyake
54,新井,あらい,arai
55,古田,ふるた,furuta
56,山下,やました,yamashita
57,栗山,くりやま,kuriyama
58,丸田,まるた,maruta
59,坂元,さかもと,sakamoto
60,窪田,くぼた,kubota
61,田中,たなか,tanaka
62,後藤,ごとう,gotou
63,狩野,かの,kano
64,本城,ほんじょう,honjou
65,古井,ふるい,furui
66,丹澤,たんざわ,tanzawa
67,杉井,すぎい,sugii
68,森,もり,mori
69,北川,きたがわ,kitagawa
70,木原,きはら,kihara
71,岩本,いわもと,iwamoto
72,堀川,ほりかわ,horikawa
73,清原,きよはら,kiyohara
74,中尾,なかお,nakao
75,山根,やまね,yamane
76,池田,いけだ,ikeda
77,平塚,ひらつか,hiratsuka
78,内藤,ないとう,naitou
79,天野,あまの,amano
80,高林,たかばやし,takabayashi
81,島野,しまの,shimano
82,藤本,ふじもと,fujimoto
83,竹田,たけだ,takeda
84,中川,なかがわ,nakagawa
85,山内,やまうち,yamauchi
86,平林,ひらばやし,hirabayashi
87,倉持,くらもち,kuramochi
88,浜,はま,hama
89,鈴木,すずき,suzuki
90,尾関,おぜき,ozeki
91,山辺,やまべ,yamabe
92,佐川,さがわ,sagawa
93,原,はら,hara
94,内田,うちだ,uchida
95,新谷,しんたに,shintani
96,渡辺,わたなべ,watanabe
97,大久保,おおくぼ,ookubo
98,持丸,もちまる,mochimaru
99,濱,はま,hama
100,野村,のむら,nomura
101,斎木,さいき,saiki
102,森田,もりた,morita
103,伊是名,いぜな,izena
104,今村,いまむら,imamura
105,澤村,さわむら,sawamura
106,野中,のなか,nonaka
107,楠,くすのき,kusunoki
108,永井,ながい,nagai
109,久保,くぼ,kubo
110,佐藤,さとう,satou
111,古川,ふるかわ,furukawa
112,飯塚,いいづか,iizuka
113,平尾,ひらお,hirao
114,野田,のだ,noda
115,稲辺,いなべ,inabe
116,北島,きたじま,kitajima
117,浅沼,あさぬま,asanuma
118,立石,たていし,tateishi
119,加賀美,かがみ,kagami
120,土井,どい,doi
121,正木,まさき,masaki
122,根津,ねづ,nezu
123,水城,みずき,mizuki
124,竹内,たけうち,takeuchi
125,蜷川,にながわ,ninagawa
126,齋藤,さいとう,saitou
127,片岡,かたおか,kataoka
128,並川,なみかわ,namikawa
129,山口,やまぐち,yamaguchi
130,玉村,たまむら,tamamura
131,伊藤,いとう,itou
132,笠井,かさい,kasai
133,荒井,あらい,arai
134,小坂,こさか,kosaka
135,池宮,いけみや,ikemiya
136,大島,おおしま,ooshima
137,福原,ふくはら,fukuhara
138,中野,なかの,nakano
139,那須,なす,nasu
140,草野,くさの,kusano
141,中田,なかた,nakata
142,川原,かわはら,kawahara
143,和田,わだ,wada
144,小松原,こまつばら,komatsubara
145,石井,いしい,ishii
146,小出,こいで,koide
147,三上,みかみ,mikami
148,峰岸,みねぎし,minegishi
149,岡本,おかもと,okamoto
150,三木,みき,miki
151,今井,いまい,imai
152,八木下,やぎした,yagishita
153,横山,よこやま,yokoyama
154,小西,こにし,konishi
155,石田,いしだ,ishida
156,中島,なかじま,nakajima
157,松田,まつだ,matsuda
158,神田,かんだ,kanda
159,美甘,みかも,mikamo
160,今野,こんの,konno
161,青柳,あおやぎ,aoyagi
162,平岡,ひらおか,hiraoka
163,八尋,やひろ,yahiro
164,石川,いしかわ,ishikawa
165,大森,おおもり,oomori
166,松元,まつもと,matsumoto
167,金子,かねこ,kaneko
168,高岡,たかおか,takaoka
169,山本,やまもと,yamamoto
170,安立,あだち,adachi
171,川合,かわい,kawai
172,浜野,はまの,hamano
173,村岡,むらおか,muraoka
174,杉田,すぎた,sugita
175,宮尾,みやお,miyao
176,加藤,かとう,katou
177,小柳,こやなぎ,koyanagi
178,菊池,きくち,kikuchi
179,宮田,みやた,miyata
180,浜名,はまな,hamana
181,吉野,よしの,yoshino
182,月森,つきもり,tsukimori
183,長岡,ながおか,nagaoka
184,廣橋,ひろはし,hirohashi
185,宇田,うだ,uda
186,鎌倉,かまくら,kamakura
187,原田,はらだ,harada
188,小林,こばやし,kobayashi
189,菅原,すがわら,sugawara
190,佐野,さの,sano
191,水谷,みずたに,mizutani
192,足立,あだち,adachi
193,浜田,はまだ,hamada
194,望月,もちづき,mochizuki
195,樋口,ひぐち,higuchi
196,勝俣,かつまた,katsumata
197,杉山,すぎやま,sugiyama
198,村中,むらなか,muranaka
199,木下,きのした,kinoshita
200,上田,うえだ,ueda
201,上原,うえはら,uehara
202,廣江,ひろえ,hiroe
203,吉田,よしだ,yoshida
204,増田,ますだ,masuda
205,佐々木,ささき,sasaki
206,中村,なかむら,nakamura
207,大平,おおひら,oohira
208,犬丸,いぬまる,inumaru
209,斎藤,さいとう,saitou
210,本間,ほんま,honma
211,岡田,おかだ,okada
212,中井,なかい,nakai
213,宇野,うの,uno
214,川島,かわしま,kawashima
215,深川,ふかがわ,fukagawa
216,関,せき,seki
217,舘野,たての,tateno
218,竹村,たけむら,takemura
219,北山,きたやま,kitayama
220,佐伯,さえき,saeki
221,片桐,かたぎり,katagiri
222,菊地,きくち,kikuchi
223,西川,にしかわ,nishikawa
224,深谷,ふかや,fukaya
225,木村,きむら,kimura
226,土屋,つちや,tsuchiya
227,渡邊,わたなべ,watanabe
228,島村,しまむら,shimamura
229,吉村,よしむら,yoshimura
230,副島,そえじま,soejima
231,角田,つのだ,tsunoda
232,園田,そのだ,sonoda
233,村上,むらかみ,murakami
234,椎名,しいな,shiina
235,五味,ごみ,gomi
236,大竹,おおたけ,ootake
237,黒田,くろだ,kuroda
238,藤原,ふじわら,fujiwara
239,原島,はらしま,harashima
240,村本,むらもと,muramoto
241,塩飽,しわく,shiwaku
242,板倉,いたくら,itakura
243,小野田,おのだ,onoda
244,藤田,ふじた,fujita
245,沖田,おきた,okita
246,松岡,まつおか,matsuoka
247,福本,ふくもと,fukumoto
248,酒井,さかい,sakai
249,遠藤,えんどう,endou
250,星野,ほしの,hoshino
251,政井,まさい,masai
252,能勢,のせ,nose
253,中谷,なかたに,nakatani
254,古沢,ふるさわ,furusawa
255,吉井,よしい,yoshii
256,小川,おがわ,ogawa
257,矢部,やべ,yabe
258,渡,わたり,watari
259,西村,にしむら,nishimura
260,谷村,たにむら,tanimura
261,福永,ふくなが,fukunaga
262,大野,おおの,oono
263,市川,いちかわ,ichikawa
264,白川,しらかわ,shirakawa
265,飯田,いいだ,iida
266,西尾,にしお,nishio
267,宮永,みやなが,miyanaga
268,久保田,くぼた,kubota
269,有賀,ありが,ariga
270,田所,たどころ,tadokoro
271,小牧,こまき,komaki
272,白石,しらいし,shiraishi
273,高野,たかの,takano
274,向井,むかい,mukai
275,熊倉,くまくら,kumakura
276,玉井,たまい,tamai
277,松江,まつえ,matsue
278,福田,ふくだ,fukuda
279,笹原,ささはら,sasahara
280,西出,にしで,nishide
281,杉村,すぎむら,sugimura
282,不破,ふわ,fuwa
283,入江,いりえ,irie
284,前川,まえかわ,maekawa
285,尾崎,おざき,ozaki
286,鹿島,かしま,kashima
287,五十嵐,いがらし,igarashi
288,南,みなみ,minami
289,花本,はなもと,hanamoto
290,真田,さなだ,sanada
291,美馬,みま,mima
292,桐山,きりやま,kiriyama
293,本橋,もとはし,motohashi
294,笠原,かさはら,kasahara
295,曽根,そね,sone
296,六車,むぐるま,muguruma
297,村田,むらた,murata
298,本郷,ほんごう,hongou
299,重村,しげむら,shigemura
300,枡田,ますだ,masuda
301,田代,たしろ,tashiro
302,藤沢,ふじさわ,fujisawa
303,大沼,おおぬま,oonuma
304,速水,はやみ,hayami
305,川崎,かわさき,kawasaki
306,青山,あおやま,aoyama
307,砂川,すながわ,sunagawa
308,涌井,わくい,wakui
309,柴田,しばた,shibata
310,坂田,さかた,sakata
311,島,しま,shima
312,松下,まつした,matsushita
313,半田,はんだ,handa
314,澤田,さわだ,sawada
315,宮下,みやした,miyashita
316,金山,かなやま,kanayama
317,葛原,くずはら,kuzuhara
318,古谷,ふるや,furuya
319,大坪,おおつぼ,ootsubo
320,松尾,まつお,matsuo
321,阿部,あべ,abe
322,島崎,しまざき,shimazaki
323,梶本,かじもと,kajimoto
324,峰村,みねむら,minemura
325,西脇,にしわき,nishiwaki
326,津久井,つくい,tsukui
327,国仲,くになか,kuninaka
328,坪井,つぼい,tsuboi
329,谷口,たにぐち,taniguchi
330,中塚,なかつか,nakatsuka
331,鈴川,すずかわ,suzukawa
332,伊達,だて,date
333,伊勢,いせ,ise
334,薗田,そのだ,sonoda
335,串田,くしだ,kushida
336,間中,まなか,manaka
337,奥村,おくむら,okumura
338,矢島,やじま,yajima
339,冨樫,とがし,togashi
340,竹岡,たけおか,takeoka
341,有村,ありむら,arimura
342,川口,かわぐち,kawaguchi
343,小久保,こくぼ,kokubo
344,武内,たけうち,takeuchi
345,水野,みずの,mizuno
346,石橋,いしばし,ishibashi
347,高安,たかやす,takayasu
348,大山,おおやま,ooyama
349,箱崎,はこざき,hakozaki
350,塚本,つかもと,tsukamoto
351,藤森,ふじもり,fujimori
352,武田,たけだ,takeda
353,杉原,すぎはら,sugihara
354,中根,なかね,nakane
355,織田,おだ,oda
356,大熊,おおくま,ookuma
357,花輪,はなわ,hanawa
358,北,きた,kita
359,岡崎,おかざき,okazaki
360,勝田,かつた,katsuta
361,白鳥,しらとり,shiratori
362,野元,のもと,nomoto
363,丹羽,にわ,niwa
364,小松崎,こまつざき,komatsuzaki
365,白井,しらい,shirai
366,坂巻,さかまき,sakamaki
367,成田,なりた,narita
368,脇坂,わきさか,wakisaka
369,大津,おおつ,ootsu
370,浦川,うらかわ,urakawa
371,小野,おの,ono
372,荻野,おぎの,ogino
373,大城,おおしろ,ooshiro
374,福井,ふくい,fukui
375,木内,きうち,kiuchi
376,岩田,いわた,iwata
377,林田,はやしだ,hayashida
378,宮本,みやもと,miyamoto
379,生駒,いこま,ikoma
380,堀内,ほりうち,horiuchi
381,吉川,よしかわ,yoshikawa
382,梅原,うめはら,umehara
383,原口,はらぐち,haraguchi
384,鎌田,かまた,kamata
385,寺田,てらだ,terada
386,細野,ほその,hosono
387,玉田,たまだ,tamada
388,久米,くめ,kume
389,小澤,おざわ,ozawa
390,輿石,こしいし,koshiishi
391,三田,みた,mita
392,岡野,おかの,okano
393,柳楽,なぎら,nagira
394,田辺,たなべ,tanabe
395,白坂,しらさか,shirasaka
396,川村,かわむら,kawamura
397,高木,たかぎ,takagi
398,小太刀,こだち,kodachi
399,小松,こまつ,komatsu
400,倉田,くらた,kurata
401,伊東,いとう,itou
402,迫田,さこだ,sakoda
403,山岸,やまぎし,yamagishi
404,平田,ひらた,hirata
405,三牧,みまき,mimaki
406,宮川,みやがわ,miyagawa
407,野尻,のじり,nojiri
408,安達,あだち,adachi
409,片山,かたやま,katayama
410,坂内,ばんない,bannai
411,小塚,こづか,kozuka
412,大江,おおえ,ooe
413,宮野,みやの,miyano
414,江藤,えとう,etou
415,浅野,あさの,asano
416,財前,ざいぜん,zaizen
417,福野,ふくの,fukuno
418,服部,はっとり,hattori
419,岩永,いわなが,iwanaga
420,鳥居,とりい,torii
421,秋元,あきもと,akimoto
422,藤牧,ふじまき,fujimaki
423,入交,いりまじり,irimajiri
424,杉本,すぎもと,sugimoto
425,鶴田,つるた,tsuruta
426,冨田,とみた,tomita
427,朝原,あさはら,asahara
428,亀井,かめい,kamei
429,伊佐,いさ,isa
430,滝,たき,taki
431,小俣,おまた,omata
432,嶋,しま,shima
433,宮腰,みやこし,miyakoshi
434,熊谷,くまがい,kumagai
435,歌代,うたしろ,utashiro
436,高崎,たかさき,takasaki
437,三輪,みわ,miwa
438,持田,もちだ,mochida
439,桑原,くわばら,kuwabara
440,嶋田,しまだ,shimada
441,千々和,ちぢわ,chijiwa
442,上條,かみじょう,kamijou
443,千代,ちよ,chiyo
444,秋葉,あきば,akiba
445,吉森,よしもり,yoshimori
446,岩出,いわで,iwade
447,梶野,かじの,kajino
448,西浦,にしうら,nishiura
449,杉浦,すぎうら,sugiura
450,木田,きだ,kida
451,梶浦,かじうら,kajiura
452,梶田,かじた,kajita
453,森崎,もりさき,morisaki
454,松山,まつやま,matsuyama
455,堀井,ほりい,horii
456,岡原,おかはら,okahara
457,小笠原,おがさわら,ogasawara
458,川添,かわぞえ,kawazoe
459,柳川,やながわ,yanagawa
460,高森,たかもり,takamori
461,諸角,もろずみ,morozumi
462,藤江,ふじえ,fujie
463,川本,かわもと,kawamoto
464,神谷,かみや,kamiya
465,川端,かわばた,kawabata
466,藤野,ふじの,fujino
467,高山,たかやま,takayama
468,藤永,ふじなが,fujinaga
469,梅村,うめむら,umemura
470,三好,みよし,miyoshi
471,富永,とみなが,tominaga
472,関川,せきかわ,sekikawa
473,坪谷,つぼや,tsuboya
474,大塚,おおつか,ootsuka
475,二宮,にのみや,ninomiya
476,多賀,たが,taga
477,黒木,くろき,kuroki
478,最所,さいしょ,saisho
479,堤,つつみ,tsutsumi
480,松原,まつばら,matsubara
481,磯部,いそべ,isobe
482,藤岡,ふじおか,fujioka
483,大倉,おおくら,ookura
484,安井,やすい,yasui
485,清田,きよた,kiyota
486,稲田,いなだ,inada
487,渋谷,しぶや,shibuya
488,瀬沼,せぬま,senuma
489,津崎,つざき,tsuzaki
490,坂西,さかにし,sakanishi
491,安孫子,あびこ,abiko
492,茂木,もぎ,mogi
493,須貝,すがい,sugai
494,矢野,やの,yano
495,丸茂,まるも,marumo
496,大沢,おおさわ,oosawa
497,西森,にしもり,nishimori
498,菅野,かんの,kanno
499,長峰,ながみね,nagamine
500,齊藤,さいとう,saitou
501,毛利,もうり,mouri
502,橋口,はしぐち,hashiguchi
503,梅本,うめもと,umemoto
504,我謝,がじゃ,gaja
505,寺岡,てらおか,teraoka
506,生井,なまい,namai
507,猪瀬,いのせ,inose
508,浦澤,うらさわ,urasawa
509,桂,かつら,katsura
510,工藤,くどう,kudou
511,鈴田,すずた,suzuta
512,分部,わけべ,wakebe
513,高塚,たかつか,takatsuka
514,竹前,たけまえ,takemae
515,篠原,しのはら,shinohara
516,松浦,まつうら,matsuura
517,関口,せきぐち,sekiguchi
518,瀬下,せしも,seshimo
519,松島,まつしま,matsushima
520,坂下,さかした,sakashita
521,井戸,いど,ido
522,戸澤,とざわ,tozawa
523,大槻,おおつき,ootsuki
524,一ノ宮,いちのみや,ichinomiya
525,有井,ありい,arii
526,早川,はやかわ,hayakawa
527,長谷川,はせがわ,hasegawa
528,中岡,なかおか,nakaoka
529,安藤,あんどう,andou
530,守田,もりた,morita
531,坂口,さかぐち,sakaguchi
532,甲斐,かい,kai
533,森本,もりもと,morimoto
534,宇城,うしろ,ushiro
535,魚谷,うおたに,uotani
536,塩山,しおやま,shioyama
537,沼田,ぬまた,numata
538,坂入,さかいり,sakairi
539,藤巻,ふじまき,fujimaki
540,池内,いけうち,ikeuchi
541,高瀬,たかせ,takase
542,桂木,かつらぎ,katsuragi
543,岩崎,いわさき,iwasaki
544,野木,のぎ,nogi
545,高平,たかひら,takahira
546,木崎,きざき,kizaki
547,嵯峨,さが,saga
548,遊佐,ゆさ,yusa
549,新倉,にいくら,niikura
550,吉塚,よしづか,yoshizuka
551,井口,いぐち,iguchi
552,金井,かない,kanai
553,大庭,おおば,ooba
554,三ツ橋,みつはし,mitsuhashi
555,浪川,なみかわ,namikawa
556,上山,うえやま,ueyama
557,三井,みつい,mitsui
558,志村,しむら,shimura
559,西岡,にしおか,nishioka
560,大友,おおとも,ootomo
561,寺島,てらしま,terashima
562,多田,ただ,tada
563,石倉,いしくら,ishikura
564,松永,まつなが,matsunaga
565,水嶋,みずしま,mizushima
566,牛越,うしこし,ushikoshi
567,稲葉,いなば,inaba
568,溝渕,みぞぶち,mizobuchi
569,満尾,みつお,mitsuo
570,永淵,ながふち,nagafuchi
571,井村,いむら,imura
572,織原,おりはら,orihara
573,上野,うえの,ueno
574,中西,なかにし,nakanishi
575,霧島,きりしま,kirishima
576,日吉,ひよし,hiyoshi
577,北澤,きたざわ,kitazawa
578,千葉,ちば,chiba
579,金川,かながわ,kanagawa
580,北村,きたむら,kitamura
581,古橋,ふるはし,furuhashi
582,綾瀬,あやせ,ayase
583,石垣,いしがき,ishigaki
584,石原,いしはら,ishihara
585,桑名,くわな,kuwana
586,末広,すえひろ,suehiro
587,品川,しながわ,shinagawa
588,本田,ほんだ,honda
589,田村,たむら,tamura
590,天田,あまだ,amada
591,葵,あおい,aoi
592,平沢,ひらさわ,hirasawa
593,西本,にしもと,nishimoto
594,黒子,くろこ,kuroko
595,武井,たけい,takei
596,湯浅,ゆあさ,yuasa
597,朝比奈,あさひな,asahina
598,碓井,うすい,usui
599,大林,おおばやし,oobayashi
600,下條,しもじょう,shimojou
601,並木,なみき,namiki
602,平松,ひらまつ,hiramatsu
603,豊福,とよふく,toyofuku
604,河上,かわかみ,kawakami
605,平山,ひらやま,hirayama
606,小井土,こいど,koido
607,徳永,とくなが,tokunaga
608,須永,すなが,sunaga
609,亀山,かめやま,kameyama
610,尾石,おいし,oishi
611,渡嘉敷,とかしき,tokashiki
612,諸岡,もろおか,morooka
613,広瀬,ひろせ,hirose
614,門林,かどばやし,kadobayashi
615,村山,むらやま,murayama
616,小栗,おぐり,oguri
617,多々良,たたら,tatara
618,今川,いまがわ,imagawa
619,奥山,おくやま,okuyama
620,井川,いかわ,ikawa
621,黒岩,くろいわ,kuroiwa
622,吉澤,よしざわ,yoshizawa
623,丸山,まるやま,maruyama
624,朝井,あさい,asai
625,黒川,くろかわ,kurokawa
626,橘川,きつかわ,kitsukawa
627,伊熊,いくま,ikuma
628,川井,かわい,kawai
629,若林,わかばやし,wakabayashi
630,鈴,すず,suzu
631,元井,もとい,motoi
632,池原,いけはら,ikehara
633,澤,さわ,sawa
634,江口,えぐち,eguchi
635,門田,かどた,kadota
636,都築,つづき,tsuzuki
637,早坂,はやさか,hayasaka
638,梅澤,うめざわ,umezawa
639,小池,こいけ,koike
640,圓尾,まるお,maruo
641,園原,そのはら,sonohara
642,衛藤,えとう,etou
643,山野,やまの,yamano
644,江崎,えざき,ezaki
645,錦織,にしきおり,nishikiori
646,横川,よこかわ,yokokawa
647,賀川,かがわ,kagawa
648,江田,えだ,eda
649,石坂,いしざか,ishizaka
650,町田,まちだ,machida
651,三河,みかわ,mikawa
652,大門,だいもん,daimon
653,田沼,たぬま,tanuma
654,陣内,じんない,jinnai
655,牧野,まきの,makino
656,川﨑,かわさき,kawasaki
657,小島,こじま,kojima
658,的場,まとば,matoba
659,野上,のがみ,nogami
660,森川,もりかわ,morikawa
661,門脇,かどわき,kadowaki
662,飯嶋,いいじま,iijima
663,石毛,いしげ,ishige
664,樽川,たるかわ,tarukawa
665,堀木,ほりき,horiki
666,竹川,たけかわ,takekawa
667,松井,まつい,matsui
668,杉岡,すぎおか,sugioka
669,芳賀,はが,haga
670,城戸,きど,kido
671,河崎,かわさき,kawasaki
672,鵜池,ういけ,uike
673,福山,ふくやま,fukuyama
674,阿比留,あびる,abiru
675,瑞慶山,ずけやま,zukeyama
676,鴨志田,かもしだ,kamoshida
677,畠山,はたけやま,hatakeyama
678,井畑,いばた,ibata
679,秋山,あきやま,akiyama
680,芦原,あしはら,ashihara
681,水落,みずおち,mizuochi
682,小森,こもり,komori
683,大原,おおはら,oohara
684,目黒,めぐろ,meguro
685,金田,かねだ,kaneda
686,永野,ながの,nagano
687,村井,むらい,murai
688,内海,うつみ,utsumi
689,藤山,ふじやま,fujiyama
690,手塚,てづか,tezuka
691,黒澤,くろさわ,kurosawa
692,伏見,ふしみ,fushimi
693,山脇,やまわき,yamawaki
694,信夫,しのぶ,shinobu
695,堀口,ほりぐち,horiguchi
696,荒川,あらかわ,arakawa
697,有田,ありた,arita
698,亀田,かめだ,kameda
699,日高,ひだか,hidaka
700,安東,あんどう,andou
701,稲川,いながわ,inagawa
702,堀越,ほりこし,horikoshi
703,岡部,おかべ,okabe
704,田淵,たぶち,tabuchi
705,大井,おおい,ooi
706,秋田,あきた,akita
707,津田,つだ,tsuda
708,轟,とどろき,todoroki
709,宮脇,みやわき,miyawaki
710,嶋津,しまづ,shimazu
711,柳澤,やなぎさわ,yanagisawa
712,鳥海,とりうみ,toriumi
713,南出,みなみで,minamide
714,竹中,たけなか,takenaka
715,槇本,まきもと,makimoto
716,園部,そのべ,sonobe
717,門司,もんじ,monji
718,仲野,なかの,nakano
719,河合,かわい,kawai
720,竹部,たけべ,takebe
721,荒牧,あらまき,aramaki
722,中平,なかひら,nakahira
723,石浦,いしうら,ishiura
724,浅倉,あさくら,asakura
725,幸地,こうち,kouchi
726,井田,いだ,ida
727,兼平,かねひら,kanehira
728,高島,たかしま,takashima
729,吉成,よしなり,yoshinari
730,下岡,しもおか,shimooka
731,濱田,はまだ,hamada
732,永原,ながはら,nagahara
733,橋爪,はしづめ,hashizume
734,重松,しげまつ,shigematsu
735,小野寺,おのでら,onodera
736,増本,ますもと,masumoto
737,末永,すえなが,suenaga
738,冨安,とみやす,tomiyasu
739,飯野,いいの,iino
740,大柳,おおやなぎ,ooyanagi
741,川上,かわかみ,kawakami
742,松藤,まつふじ,matsufuji
743,島倉,しまくら,shimakura
744,石黒,いしぐろ,ishiguro
745,河田,かわた,kawata
746,照井,てるい,terui
747,吉本,よしもと,yoshimoto
748,戸室,とむろ,tomuro
749,小森谷,こもりや,komoriya
750,土橋,どばし,dobashi
751,平,たいら,taira
752,日置,ひおき,hioki
753,若山,わかやま,wakayama
754,柏井,かしわい,kashiwai
755,下川,しもかわ,shimokawa
756,深堀,ふかほり,fukahori
757,山元,やまもと,yamamoto
758,成合,なりあい,nariai
759,道端,みちばた,michibata
760,新見,にいみ,niimi
761,川瀬,かわせ,kawase
762,野津,のつ,notsu
763,及川,おいかわ,oikawa
764,里見,さとみ,satomi
765,川又,かわまた,kawamata
766,赤穂,あこう,akou
767,桃井,ももい,momoi
768,右田,みぎた,migita
769,樋渡,ひわたし,hiwatashi
770,橋田,はしだ,hashida
771,小泉,こいずみ,koizumi
772,川地,かわち,kawachi
773,政岡,まさおか,masaoka
774,日下部,くさかべ,kusakabe
775,肥後,ひご,higo
776,立川,たちかわ,tachikawa
777,塩谷,しおや,shioya
778,加瀬,かせ,kase
779,笠松,かさまつ,kasamatsu
780,上間,うえま,uema
781,井出,いで,ide
782,木元,きもと,kimoto
783,吉崎,よしざき,yoshizaki
784,若尾,わかお,wakao
785,相川,あいかわ,aikawa
786,佐久間,さくま,sakuma
787,石渡,いしわた,ishiwata
788,藤,ふじ,fuji
789,大橋,おおはし,oohashi
790,辻,つじ,tsuji
791,塩野,しおの,shiono
792,荏原,えばら,ebara
793,守屋,もりや,moriya
794,進藤,しんどう,shindou
795,森下,もりした,morishita
796,占部,うらべ,urabe
797,長瀬,ながせ,nagase
798,峯,みね,mine
799,名嘉,なか,naka
800,飯尾,いいお,iio
801,佐竹,さたけ,satake
802,鷲見,すみ,sumi
803,村木,むらき,muraki
804,高田,たかだ,takada
805,金城,きんじょう,kinjou
806,上村,うえむら,uemura
807,井本,いもと,imoto
808,下元,しももと,shimomoto
809,大川,おおかわ,ookawa
810,大場,おおば,ooba
811,川中,かわなか,kawanaka
812,水本,みずもと,mizumoto
813,喜多,きた,kita
814,室田,むろた,murota
815,土岐,とき,toki
816,原山,はらやま,harayama
817,伊吹,いぶき,ibuki
818,大川原,おおかわら,ookawara
819,柴村,しばむら,shibamura
820,筒井,つつい,tsutsui
821,森泉,もりいずみ,moriizumi
822,神崎,かんざき,kanzaki
823,八田,はった,hatta
824,谷島,やじま,yajima
825,越智,おち,ochi
826,小糸,こいと,koito
827,宮澤,みやざわ,miyazawa
828,山里,やまざと,yamazato
829,井野,いの,ino
830,梅宮,うめみや,umemiya
831,石堂,いしどう,ishidou
832,村松,むらまつ,muramatsu
833,岡,おか,oka
834,甘利,あまり,amari
835,藤崎,ふじさき,fujisaki
836,野口,のぐち,noguchi
837,柿添,かきぞえ,kakizoe
838,二ノ宮,にのみや,ninomiya
839,角谷,かどや,kadoya
840,高岸,たかぎし,takagishi
841,和泉,いずみ,izumi
842,井原,いはら,ihara
843,保田,やすだ,yasuda
844,下田,しもだ,shimoda
845,浜谷,はまや,hamaya
846,寺地,てらち,terachi
847,浜地,はまち,hamachi
848,戸村,とむら,tomura
849,長野,ながの,nagano
850,宮島,みやじま,miyajima
851,河本,かわもと,kawamoto
852,板垣,いたがき,itagaki
853,赤坂,あかさか,akasaka
854,中内,なかうち,nakauchi
855,中江,なかえ,nakae
856,小間,こま,koma
857,山之内,やまのうち,yamanouchi
858,松野,まつの,matsuno
859,吉浦,よしうら,yoshiura
860,橘,たちばな,tachibana
861,黒井,くろい,kuroi
862,鶴岡,つるおか,tsuruoka
863,中口,なかぐち,nakaguchi
864,星,ほし,hoshi
865,寺野,てらの,terano
866,武智,たけち,takechi
867,繁田,しげた,shigeta
868,大岩,おおいわ,ooiwa
869,内山,うちやま,uchiyama
870,豊岡,とよおか,toyooka
871,細川,ほそかわ,hosokawa
872,湯沢,ゆざわ,yuzawa
873,川越,かわごえ,kawagoe
874,小幡,おばた,obata
875,成瀬,なるせ,naruse
876,平本,ひらもと,hiramoto
877,松嶋,まつしま,matsushima
878,住友,すみとも,sumitomo
879,沓名,くつな,kutsuna
880,藤村,ふじむら,fujimura
881,佐俣,さまた,samata
882,栗岡,くりおか,kurioka
883,芹澤,せりざわ,serizawa
884,本山,もとやま,motoyama
885,荒木,あらき,araki
886,戸田,とだ,toda
887,遠山,とおやま,tooyama
888,石関,いしぜき,ishizeki
889,大内,おおうち,oouchi
890,會澤,あいざわ,aizawa
891,廣重,ひろしげ,hiroshige
892,西里,にしざと,nishizato
893,末廣,すえひろ,suehiro
894,永田,ながた,nagata
895,岸,きし,kishi
896,金澤,かなざわ,kanazawa
897,三島,みしま,mishima
898,日下,くさか,kusaka
899,高倉,たかくら,takakura
900,松村,まつむら,matsumura
901,武山,たけやま,takeyama
902,千原,ちはら,chihara
903,佐原,さはら,sahara
904,滝澤,たきざわ,takizawa
905,吉牟田,よしむた,yoshimuta
906,浜井,はまい,hamai
907,疋田,ひきた,hikita
908,青田,あおた,aota
909,村瀬,むらせ,murase
910,帆足,ほあし,hoashi
911,奥迫,おくさこ,okusako
912,出田,いでた,ideta
913,上羽,うえば,ueba
914,福澤,ふくざわ,fukuzawa
915,廣瀬,ひろせ,hirose
916,田崎,たさき,tasaki
917,岸本,きしもと,kishimoto
918,奥田,おくだ,okuda
919,矢田部,やたべ,yatabe
920,宮里,みやざと,miyazato
921,中浜,なかはま,nakahama
922,廣田,ひろた,hirota
923,坂井,さかい,sakai
924,水原,みずはら,mizuhara
925,西口,にしぐち,nishiguchi
926,城所,きどころ,kidokoro
927,斎田,さいだ,saida
928,堀,ほり,hori
929,吉水,よしみず,yoshimizu
930,萩本,はぎもと,hagimoto
931,堺,さかい,sakai
932,三澤,みさわ,misawa
933,大和田,おおわだ,oowada
934,有松,ありまつ,arimatsu
935,渡部,わたなべ,watanabe
936,藤吉,ふじよし,fujiyoshi
937,澤崎,さわざき,sawazaki
938,塚原,つかはら,tsukahara
939,田澤,たざわ,tazawa
940,安福,やすふく,yasufuku
941,三枝,さえぐさ,saegusa
942,与儀,よぎ,yogi
943,豊,ゆたか,yutaka
944,桜田,さくらだ,sakurada
945,濱上,はまがみ,hamagami
946,妹尾,せのお,senoo
947,吉元,よしもと,yoshimoto
948,香取,かとり,katori
949,殿村,とのむら,tonomura
950,長井,ながい,nagai
951,浦田,うらた,urata
952,與那覇,よなは,yonaha
953,芝野,しばの,shibano
954,武松,たけまつ,takematsu
955,岡林,おかばやし,okabayashi
956,下林,しもばやし,shimobayashi
957,池上,いけがみ,ikegami
958,戸松,とまつ,tomatsu
959,谷本,たにもと,tanimoto
960,寺元,てらもと,teramoto
961,三野,みの,mino
962,小村,こむら,komura
963,阪本,さかもと,sakamoto
964,志岐,しき,shiki
965,宮沢,みやざわ,miyazawa
966,入澤,いりさわ,irisawa
967,松川,まつかわ,matsukawa
968,沢井,さわい,sawai
969,平賀,ひらが,hiraga
970,瑞慶覧,ずけらん,zukeran
971,熊本,くまもと,kumamoto
972,長崎,ながさき,nagasaki
973,淺田,あさだ,asada
974,今津,いまづ,imazu
975,泉本,いずもと,izumoto
976,加賀谷,かがや,kagaya
977,高桑,たかくわ,takakuwa
978,一瀬,いちのせ,ichinose
979,栗村,くりむら,kurimura
980,神宮,じんぐう,jinguu
981,神村,かみむら,kamimura
982,西島,にしじま,nishijima
983,手代木,てしろぎ,teshirogi
984,飯沼,いいぬま,iinuma
985,國分,こくぶん,kokubun
986,外間,ほかま,hokama
987,白澤,しらさわ,shirasawa
988,川野,かわの,kawano
989,平良,たいら,taira
990,古賀,こが,koga
991,飯島,いいじま,iijima
992,篠田,しのだ,shinoda
993,矢田,やだ,yada
994,榎本,えのもと,enomoto
995,寺本,てらもと,teramoto
996,花井,はない,hanai
997,杉江,すぎえ,sugie
998,永吉,ながよし,nagayoshi
999,里,さと,sato
1000,澤木,さわき,sawaki
1001,桝本,ますもと,masumoto
1002,水元,みずもと,mizumoto
1003,具志堅,ぐしけん,gushiken
1004,栗田,くりた,kurita
1005,恒川,つねかわ,tsunekawa
1006,市原,いちはら,ichihara
1007,二見,ふたみ,futami
1008,勝野,かつの,katsuno
1009,相良,さがら,sagara
1010,鹿田,しかだ,shikada
1011,信太,しだ,shida
1012,仁木,にき,niki
1013,椿原,つばきはら,tsubakihara
1014,堀端,ほりばた,horibata
1015,関根,せきね,sekine
1016,堀尾,ほりお,horio
1017,大村,おおむら,oomura
1018,小宮山,こみやま,komiyama
1019,伊田,いだ,ida
1020,谷田,たにだ,tanida
1021,長島,ながしま,nagashima
1022,鴨川,かもがわ,kamogawa
1023,臼田,うすだ,usuda
1024,藤平,ふじひら,fujihira
1025,朝倉,あさくら,asakura
1026,岡元,おかもと,okamoto
1027,長妻,ながつま,nagatsuma
1028,大舘,おおだて,oodate
1029,佐山,さやま,sayama
1030,鶴井,つるい,tsurui
1031,板持,いたもち,itamochi
1032,森井,もりい,morii
1033,杉野,すぎの,sugino
1034,高松,たかまつ,takamatsu
1035,岡村,おかむら,okamura
1036,馬淵,まぶち,mabuchi
1037,大本,おおもと,oomoto
1038,江村,えむら,emura
1039,竹尾,たけお,takeo
1040,安村,やすむら,yasumura
1041,越水,こしみず,koshimizu
1042,丹治,たんじ,tanji
1043,能瀬,のせ,nose
1044,西原,にしはら,nishihara
1045,森永,もりなが,morinaga
1046,風間,かざま,kazama
1047,古藤,ことう,kotou
1048,中澤,なかざわ,nakazawa
1049,桐生,きりゅう,kiryuu
1050,今永,いまなが,imanaga
1051,山岡,やまおか,yamaoka
1052,穴見,あなみ,anami
1053,浦山,うらやま,urayama
1054,岡島,おかじま,okajima
1055,緒方,おがた,ogata
1056,前平,まえひら,maehira
1057,竹本,たけもと,takemoto
1058,安野,やすの,yasuno
1059,末次,すえつぐ,suetsugu
1060,籔,やぶ,yabu
1061,山形,やまがた,yamagata
1062,立花,たちばな,tachibana
1063,大澤,おおさわ,oosawa
1064,岩竹,いわたけ,iwatake
1065,玉城,たまき,tamaki
1066,越川,こしかわ,koshikawa
1067,鴫原,しぎはら,shigihara
1068,矢加部,やかべ,yakabe
1069,武藤,むとう,mutou
1070,花岡,はなおか,hanaoka
1071,中津,なかつ,nakatsu
1072,村尾,むらお,murao
1073,溝内,みぞうち,mizouchi
1074,助川,すけがわ,sukegawa
1075,佐武,さたけ,satake
1076,乾,いぬい,inui
1077,安倍,あべ,abe
1078,沖村,おきむら,okimura
1079,波部,はべ,habe
1080,松木,まつき,matsuki
1081,後田,うしろだ,ushiroda
1082,半澤,はんざわ,hanzawa
1083,長坂,ながさか,nagasaka
1084,別所,べっしょ,bessho
1085,泉,いずみ,izumi
1086,増井,ますい,masui
1087,大矢,おおや,ooya
1088,河村,かわむら,kawamura
1089,國井,くにい,kunii
1090,国分,こくぶ,kokubu
1091,江良,えら,era
1092,長嶋,ながしま,nagashima
1093,白幡,しらはた,shirahata
1094,金森,かなもり,kanamori
1095,山北,やまきた,yamakita
1096,安部,あべ,abe
1097,中森,なかもり,nakamori
1098,赤澤,あかざわ,akazawa
1099,蔦,つた,tsuta
1100,岡内,おかうち,okauchi
1101,石崎,いしざき,ishizaki
1102,小野原,おのはら,onohara
1103,長澤,ながさわ,nagasawa
1104,竹之内,たけのうち,takenouchi
1105,岩切,いわきり,iwakiri
1106,水口,みずぐち,mizuguchi
1107,笠置,かさぎ,kasagi
1108,川名,かわな,kawana
1109,越田,こしだ,koshida
1110,安永,やすなが,yasunaga
1111,内村,うちむら,uchimura
1112,崎元,さきもと,sakimoto
1113,桑野,くわの,kuwano
1114,河原林,かわらばやし,kawarabayashi
1115,今若,いまわか,imawaka
1116,藤丸,ふじまる,fujimaru
1117,北野,きたの,kitano
1118,岩城,いわき,iwaki
1119,成宮,なるみや,narumiya
1120,児島,こじま,kojima
1121,是枝,これえだ,koreeda
1122,植田,うえだ,ueda
1123,吉住,よしずみ,yoshizumi
1124,富澤,とみざわ,tomizawa
1125,猪俣,いのまた,inomata
1126,葛谷,くずや,kuzuya
1127,濱村,はまむら,hamamura
1128,浅井,あさい,asai
1129,北岡,きたおか,kitaoka
1130,日野,ひの,hino
1131,當山,とうやま,touyama
1132,中馬,ちゅうま,chuuma
1133,田口,たぐち,taguchi
1134,紺谷,こんたに,kontani
1135,児玉,こだま,kodama
1136,大田,おおた,oota
1137,西澤,にしざわ,nishizawa
1138,仲,なか,naka
1139,倉橋,くらはし,kurahashi
1140,深見,ふかみ,fukami
1141,小田,おだ,oda
1142,秋本,あきもと,akimoto
1143,塩出,しおで,shiode
1144,村居,むらい,murai
1145,菅井,すがい,sugai
1146,布施,ふせ,fuse
1147,上澤,うえさわ,uesawa
1148,桐村,きりむら,kirimura
1149,明石,あかし,akashi
1150,田谷,たや,taya
1151,羽賀,はが,haga
1152,玉川,たまがわ,tamagawa
1153,船水,ふなみず,funamizu
1154,西野,にしの,nishino
1155,新島,にいじま,niijima
1156,赤木,あかぎ,akagi
1157,横田,よこた,yokota
1158,本多,ほんだ,honda
1159,日笠,ひかさ,hikasa
1160,笹山,ささやま,sasayama
1161,花,はな,hana
1162,直井,なおい,naoi
1163,倉澤,くらさわ,kurasawa
1164,森内,もりうち,moriuchi
1165,柘植,つげ,tsuge
1166,浅岡,あさおか,asaoka
1167,堀田,ほった,hotta
1168,河辺,かわべ,kawabe
1169,田島,たじま,tajima
1170,落合,おちあい,ochiai
1171,天羽,あもう,amou
1172,大迫,おおさこ,oosako
1173,小柏,おがしわ,ogashiwa
1174,外園,ほかぞの,hokazono
1175,馬場,ばば,baba
1176,柏原,かしわばら,kashiwabara
1177,迫,さこ,sako
1178,生田,いくた,ikuta
1179,蜂谷,はちや,hachiya
1180,永岡,ながおか,nagaoka
1181,瀬戸,せと,seto
1182,麻生,あそう,asou
1183,二瓶,にへい,nihei
1184,山寺,やまでら,yamadera
1185,岡山,おかやま,okayama
1186,西江,にしえ,nishie
1187,船山,ふなやま,funayama
1188,深尾,ふかお,fukao
1189,熊野,くまの,kumano
1190,有元,ありもと,arimoto
1191,小峰,こみね,komine
1192,立野,たての,tateno
1193,柳谷,やなぎや,yanagiya
1194,盛永,もりなが,morinaga
1195,本村,もとむら,motomura
1196,平澤,ひらさわ,hirasawa
1197,水島,みずしま,mizushima
1198,有吉,ありよし,ariyoshi
1199,渥美,あつみ,atsumi
1200,真木,まき,maki
1201,河原,かわはら,kawahara
1202,鳥山,とりやま,toriyama
1203,建石,たていし,tateishi
1204,坪田,つぼた,tsubota
1205,粟野,あわの,awano
1206,北出,きたで,kitade
1207,増原,ますはら,masuhara
1208,増澤,ますざわ,masuzawa
1209,芦田,あしだ,ashida
1210,春山,はるやま,haruyama
1211,岸上,きしがみ,kishigami
1212,内,うち,uchi
1213,坂上,さかがみ,sakagami
1214,高川,たかがわ,takagawa
1215,藤谷,ふじたに,fujitani
1216,尾澤,おざわ,ozawa
1217,鵜沼,うぬま,unuma
1218,間瀬,ませ,mase
1219,都丸,とまる,tomaru
1220,礒野,いその,isono
1221,岩花,いわはな,iwahana
1222,猪又,いのまた,inomata
1223,松崎,まつざき,matsuzaki
1224,丸尾,まるお,maruo
1225,高吉,たかよし,takayoshi
1226,瀬戸山,せとやま,setoyama
1227,井元,いもと,imoto
1228,久松,ひさまつ,hisamatsu
1229,八幡,やはた,yahata
1230,芳野,よしの,yoshino
1231,腰塚,こしずか,koshizuka
1232,中堀,なかほり,nakahori
1233,梅田,うめだ,umeda
1234,左,ひだり,hidari
1235,家田,いえだ,ieda
1236,長屋,ながや,nagaya
1237,板屋,いたや,itaya
1238,大阪,おおさか,oosaka
1239,高村,たかむら,takamura
1240,寺井,てらい,terai
1241,寺下,てらした,terashita
1242,嶋村,しまむら,shimamura
1243,仲宗根,なかそね,nakasone
1244,徳山,とくやま,tokuyama
1245,寺尾,てらお,terao
1246,綾部,あやべ,ayabe
1247,半谷,はんがい,hangai
1248,赤岩,あかいわ,akaiwa
1249,仲田,なかた,nakata
1250,奥野,おくの,okuno
1251,矢内,やない,yanai
1252,蔭山,かげやま,kageyama
1253,鉄本,てつもと,tetsumoto
1254,稲垣,いながき,inagaki
1255,箕輪,みのわ,minowa
1256,桑江,くわえ,kuwae
1257,宿利,しゅくり,shukuri
1258,佐瀬,させ,sase
1259,藤根,ふじね,fujine
1260,衣川,きぬがわ,kinugawa
1261,竹澤,たけざわ,takezawa
1262,米良,めら,mera
1263,若菜,わかな,wakana
1264,岩屋,いわや,iwaya
1265,米田,よねだ,yoneda
1266,今林,いまばやし,imabayashi
1267,篠塚,しのづか,shinozuka
1268,出町,でまち,demachi
1269,木之下,きのした,kinoshita
1270,神山,かみやま,kamiyama
1271,金,きむ,kimu
1272,益田,ますだ,masuda
1273,米山,よねやま,yoneyama
1274,宮城,みやぎ,miyagi
1275,横井,よこい,yokoi
1276,浦,うら,ura
1277,岩島,いわしま,iwashima
1278,杉森,すぎもり,sugimori
1279,津金,つがね,tsugane
1280,上条,かみじょう,kamijou
1281,浦崎,うらさき,urasaki
1282,仲里,なかざと,nakazato
1283,三登,みと,mito
1284,小野里,おのざと,onozato
1285,今西,いまにし,imanishi
1286,小笹,おざさ,ozasa
1287,西平,にしひら,nishihira
1288,石,いし,ishi
1289,橋詰,はしづめ,hashizume
1290,芦澤,あしざわ,ashizawa
1291,杉尾,すぎお,sugio
1292,森岡,もりおか,morioka
1293,永島,ながしま,nagashima
1294,相澤,あいざわ,aizawa
1295,近森,ちかもり,chikamori
1296,近松,ちかまつ,chikamatsu
1297,岡澤,おかざわ,okazawa
1298,永松,ながまつ,nagamatsu
1299,富松,とみまつ,tomimatsu
1300,水内,みずうち,mizuuchi
1301,入口,いりぐち,iriguchi
1302,照屋,てるや,teruya
1303,湯本,ゆもと,yumoto
1304,鈴鹿,すずか,suzuka
1305,米沢,よねざわ,yonezawa
1306,宇都宮,うつのみや,utsunomiya
1307,広田,ひろた,hirota
1308,福岡,ふくおか,fukuoka
1309,柳沼,やぎぬま,yaginuma
1310,金沢,かなざわ,kanazawa
1311,石鍋,いしなべ,ishinabe
1312,海老原,えびはら,ebihara
1313,柳瀬,やなせ,yanase
1314,谷,たに,tani
1315,城井,しろい,shiroi
1316,江尻,えじり,ejiri
1317,門屋,かどや,kadoya
1318,鑓水,やりみず,yarimizu
1319,畑澤,はたざわ,hatazawa
1320,岩渕,いわぶち,iwabuchi
1321,大石,おおいし,ooishi
1322,今尾,いまお,imao
1323,中,なか,naka
1324,笹木,ささき,sasaki
1325,田川,たがわ,tagawa
1326,渡貫,わたぬき,watanuki
1327,鶴谷,つるたに,tsurutani
1328,若杉,わかすぎ,wakasugi
1329,新宅,しんたく,shintaku
1330,田北,たきた,takita
1331,富田,とみた,tomita
1332,柏木,かしわぎ,kashiwagi
1333,櫻澤,さくらざわ,sakurazawa
1334,加納,かのう,kanou
1335,久門,くもん,kumon
1336,徳島,とくしま,tokushima
1337,梅山,うめやま,umeyama
1338,竹脇,たけわき,takewaki
1339,真山,まやま,mayama
1340,國本,くにもと,kunimoto
1341,江川,えがわ,egawa
1342,淺野,あさの,asano
1343,徳光,とくみつ,tokumitsu
1344,又吉,またよし,matayoshi
1345,赤峰,あかみね,akamine
1346,吉越,よしこし,yoshikoshi
1347,立谷,たちや,tachiya
1348,寺内,てらうち,terauchi
1349,池,いけ,ike
1350,木島,きじま,kijima
1351,石飛,いしとび,ishitobi
1352,尾内,おない,onai
1353,種村,たねむら,tanemura
1354,芝,しば,shiba
1355,北口,きたぐち,kitaguchi
1356,前中,まえなか,maenaka
1357,二村,ふたむら,futamura
1358,野末,のずえ,nozue
1359,山浦,やまうら,yamaura
1360,田尻,たじり,tajiri
1361,岩原,いわはら,iwahara
1362,仲西,なかにし,nakanishi
1363,今田,いまだ,imada
1364,中嶋,なかじま,nakajima
1365,田原,たはら,tahara
1366,今中,いまなか,imanaka
1367,有馬,ありま,arima
1368,勝見,かつみ,katsumi
1369,江森,えもり,emori
1370,磯,いそ,iso
1371,肥田,ひだ,hida
1372,鷹取,たかとり,takatori
1373,新田,にった,nitta
1374,古瀬,ふるせ,furuse
1375,小畑,おばた,obata
1376,一戸,いちのへ,ichinohe
1377,新藤,しんどう,shindou
1378,榊原,さかきばら,sakakibara
1379,柳,やなぎ,yanagi
1380,宮岡,みやおか,miyaoka
1381,川嶋,かわしま,kawashima
1382,永富,ながとみ,nagatomi
1383,野辺,のべ,nobe
1384,依田,よだ,yoda
1385,瀧澤,たきざわ,takizawa
1386,安里,あさと,asato
1387,宍戸,ししど,shishido
1388,西井,にしい,nishii
1389,溝田,みぞた,mizota
1390,永岩,ながいわ,nagaiwa
1391,愛甲,あいこう,aikou
1392,小平,こだいら,kodaira
1393,岩佐,いわさ,iwasa
1394,日比,ひび,hibi
1395,四元,よつもと,yotsumoto
1396,川田,かわた,kawata
1397,塩,しお,shio
1398,河端,かわばた,kawabata
1399,長安,ながやす,nagayasu
1400,高井,たかい,takai
1401,豊川,とよかわ,toyokawa
1402,高城,たかぎ,takagi
1403,廣澤,ひろさわ,hirosawa
1404,山森,やまもり,yamamori
1405,小玉,こだま,kodama
1406,下薗,しもぞの,shimozono
1407,石岡,いしおか,ishioka
1408,草間,くさま,kusama
1409,古家,ふるや,furuya
1410,熊崎,くまざき,kumazaki
1411,林原,はやしばら,hayashibara
1412,橋村,はしむら,hashimura
1413,櫻木,さくらぎ,sakuragi
1414,永山,ながやま,nagayama
1415,黒部,くろべ,kurobe
1416,土居,どい,doi
1417,薮野,やぶの,yabuno
1418,森高,もりたか,moritaka
1419,宇土,うと,uto
1420,栗本,くりもと,kurimoto
1421,小早川,こばやかわ,kobayakawa
1422,徳富,とくとみ,tokutomi
1423,柳下,やぎした,yagishita
1424,川北,かわきた,kawakita
1425,滝川,たきがわ,takigawa
1426,福嶋,ふくしま,fukushima
1427,岩垂,いわだれ,iwadare
1428,人見,ひとみ,hitomi
1429,曽我,そが,soga
1430,住吉,すみよし,sumiyoshi
1431,数野,かずの,kazuno
1432,紺野,こんの,konno
1433,引田,ひきた,hikita
1434,五嶋,ごとう,gotou
1435,上垣,うえがき,uegaki
1436,喜島,きじま,kijima
1437,糸井,いとい,itoi
1438,峯村,みねむら,minemura
1439,阪口,さかぐち,sakaguchi
1440,阪田,さかた,sakata
1441,石山,いしやま,ishiyama
1442,小田切,おだぎり,odagiri
1443,鳴海,なるみ,narumi
1444,須田,すだ,suda
1445,大嶋,おおしま,ooshima
1446,勝木,かつき,katsuki
1447,植村,うえむら,uemura
1448,寺村,てらむら,teramura
1449,花山,はなやま,hanayama
1450,桜井,さくらい,sakurai
1451,柳井,やない,yanai
1452,長友,ながとも,nagatomo
1453,小清水,こしみず,koshimizu
1454,板野,いたの,itano
1455,矢追,やおい,yaoi
1456,野坂,のさか,nosaka
1457,檜垣,ひがき,higaki
1458,海老根,えびね,ebine
1459,玉木,たまき,tamaki
1460,倉林,くらばやし,kurabayashi
1461,中脇,なかわき,nakawaki
1462,宇佐美,うさみ,usami
1463,今成,いまなり,imanari
1464,赤尾,あかお,akao
1465,池松,いけまつ,ikematsu
1466,巣山,すやま,suyama
1467,北原,きたはら,kitahara
1468,若宮,わかみや,wakamiya
1469,横尾,よこお,yokoo
1470,下村,しもむら,shimomura
1471,冨川,とみかわ,tomikawa
1472,宇賀神,うがじん,ugajin
1473,菱沼,ひしぬま,hishinuma
1474,松波,まつなみ,matsunami
1475,大隅,おおすみ,oosumi
1476,佐古田,さこだ,sakoda
1477,満留,みつどめ,mitsudome
1478,柴,しば,shiba
1479,椿,つばき,tsubaki
1480,淀,よど,yodo
1481,池西,いけにし,ikenishi
1482,小市,こいち,koichi
1483,市村,いちむら,ichimura
1484,吉原,よしはら,yoshihara
1485,森重,もりしげ,morishige
1486,喜瀬,きせ,kise
1487,中辻,なかつじ,nakatsuji
1488,丸橋,まるはし,maruhashi
1489,水崎,みずさき,mizusaki
1490,高尾,たかお,takao
1491,植野,うえの,ueno
1492,濱川,はまかわ,hamakawa
1493,米澤,よねざわ,yonezawa
1494,武元,たけもと,takemoto
1495,中原,なかはら,nakahara
1496,西谷,にしたに,nishitani
1497,潮田,うしおだ,ushioda
1498,吉武,よしたけ,yoshitake
1499,亀崎,かめざき,kamezaki
1500,舛田,ますだ,masuda
1501,久枝,ひさえだ,hisaeda
1502,会田,あいだ,aida
1503,境,さかい,sakai
1504,上森,うえもり,uemori
1505,斉木,さいき,saiki
1506,柿原,かきはら,kakihara
1507,児嶋,こじま,kojima
1508,森居,もりい,morii
1509,土門,どもん,domon
1510,葛西,かさい,kasai
1511,古江,ふるえ,furue
1512,加登,かと,kato
1513,櫛引,くしびき,kushibiki
1514,渋川,しぶかわ,shibukawa
1515,藤戸,ふじと,fujito
1516,外山,とやま,toyama
1517,山路,やまじ,yamaji
1518,堀籠,ほりごめ,horigome
1519,宮原,みやはら,miyahara
1520,牧志,まきし,makishi
1521,澤野,さわの,sawano
1522,柳田,やなぎだ,yanagida
1523,梶川,かじかわ,kajikawa
1524,南雲,なぐも,nagumo
1525,高谷,たかや,takaya
1526,大町,おおまち,oomachi
1527,飛松,とびまつ,tobimatsu
1528,勝又,かつまた,katsumata
1529,白崎,しらさき,shirasaki
1530,早藤,はやふじ,hayafuji
1531,作田,さくた,sakuta
1532,対馬,つしま,tsushima
1533,友重,ともしげ,tomoshige
1534,市之瀬,いちのせ,ichinose
1535,早崎,はやさき,hayasaki
1536,浜岡,はまおか,hamaoka
1537,赤星,あかほし,akahoshi
1538,長沼,ながぬま,naganuma
1539,飯村,いいむら,iimura
1540,吾郷,あごう,agou
1541,秀島,ひでしま,hideshima
1542,安川,やすかわ,yasukawa
1543,福崎,ふくざき,fukuzaki
1544,福元,ふくもと,fukumoto
1545,五明,ごみょう,gomyou
1546,矢口,やぐち,yaguchi
1547,溝口,みぞぐち,mizoguchi
1548,滝口,たきぐち,takiguchi
1549,彦坂,ひこさか,hikosaka
1550,島川,しまかわ,shimakawa
1551,大畑,おおはた,oohata
1552,中本,なかもと,nakamoto
1553,石澤,いしざわ,ishizawa
1554,新間,しんま,shinma
1555,三国,みくに,mikuni
1556,鍵和田,かぎわだ,kagiwada
1557,弓削,ゆげ,yuge
1558,池畑,いけはた,ikehata
1559,安岡,やすおか,yasuoka
1560,三谷,みたに,mitani
1561,利光,としみつ,toshimitsu
1562,島袋,しまぶくろ,shimabukuro
1563,下畑,しもはた,shimohata
1564,大河原,おおかわら,ookawara
1565,栗林,くりばやし,kuribayashi
1566,名和,なわ,nawa
1567,檜山,ひやま,hiyama
1568,横谷,よこたに,yokotani
1569,管,かん,kan
1570,廣島,ひろしま,hiroshima
1571,田頭,たがしら,tagashira
1572,高嶋,たかしま,takashima
1573,滝沢,たきざわ,takizawa
1574,藤橋,ふじはし,fujihashi
1575,加地,かじ,kaji
1576,池亀,いけがめ,ikegame
1577,茂野,しげの,shigeno
1578,臼倉,うすくら,usukura
1579,高久,たかく,takaku
1580,関谷,せきや,sekiya
1581,栗栖,くりす,kurisu
1582,蒔田,まきた,makita
1583,寺原,てらはら,terahara
1584,萩野,はぎの,hagino
1585,楠元,くすもと,kusumoto
1586,谷地,やち,yachi
1587,関野,せきの,sekino
1588,樺澤,かばさわ,kabasawa
1589,代田,しろた,shirota
1590,三尾,みお,mio
1591,大滝,おおたき,ootaki
1592,高内,たかうち,takauchi
1593,瀬戸口,せとぐち,setoguchi
1594,石塚,いしづか,ishizuka
1595,赤塚,あかつか,akatsuka
1596,藤瀬,ふじせ,fujise
1597,菅沼,すがぬま,suganuma
1598,辻村,つじむら,tsujimura
1599,四ノ宮,しのみや,shinomiya
1600,友永,ともなが,tomonaga
1601,福冨,ふくとみ,fukutomi
1602,安本,やすもと,yasumoto
1603,山手,やまて,yamate
1604,粂,くめ,kume
1605,田宮,たみや,tamiya
1606,上川,かみかわ,kamikawa
1607,谷原,たにはら,tanihara
1608,山室,やまむろ,yamamuro
1609,槇野,まきの,makino
1610,原崎,はらさき,harasaki
1611,北本,きたもと,kitamoto
1612,荻本,おぎもと,ogimoto
1613,武部,たけべ,takebe
1614,田森,たもり,tamori
1615,江頭,えがしら,egashira
1616,竹口,たけぐち,takeguchi
1617,寺崎,てらさき,terasaki
1618,米原,よねはら,yonehara
1619,瀬田,せた,seta
1620,磯村,いそむら,isomura
1621,根木,ねぎ,negi
1622,飯干,いいぼし,iiboshi
1623,若竹,わかたけ,wakatake
1624,寺谷,てらたに,teratani
1625,末松,すえまつ,suematsu
1626,多久和,たくわ,takuwa
1627,松平,まつだいら,matsudaira
1628,小宮,こみや,komiya
1629,勝部,かつべ,katsube
1630,崎原,さきはら,sakihara
1631,岩井,いわい,iwai
1632,井熊,いくま,ikuma
1633,塚田,つかだ,tsukada
1634,霜越,しもこし,shimokoshi
1635,牛島,うしじま,ushijima
1636,嘉村,かむら,kamura
1637,平手,ひらて,hirate
1638,錦戸,にしきど,nishikido
1639,石野,いしの,ishino
1640,南條,なんじょう,nanjou
1641,國光,くにみつ,kunimitsu
1642,宇梶,うかじ,ukaji
1643,松澤,まつざわ,matsuzawa
1644,深沢,ふかさわ,fukasawa
1645,七尾,ななお,nanao
1646,老田,おいだ,oida
1647,儀間,ぎま,gima
1648,五藤,ごとう,gotou
1649,今枝,いまえだ,imaeda
1650,間渕,まぶち,mabuchi
1651,辰己,たつみ,tatsumi
1652,江波戸,えばと,ebato
1653,中瀬,なかせ,nakase
1654,楳木,うめき,umeki
1655,鷲野,わしの,washino
1656,奈良,なら,nara
1657,藤下,ふじした,fujishita
1658,柴谷,しばたに,shibatani
1659,元木,もとき,motoki
1660,戸高,とだか,todaka
1661,安原,やすはら,yasuhara
1662,田端,たばた,tabata
1663,奥,おく,oku
1664,濱島,はましま,hamashima
1665,星川,ほしかわ,hoshikawa
1666,坂倉,さかくら,sakakura
1667,芝田,しばた,shibata
1668,野路,のじ,noji
1669,牛山,うしやま,ushiyama
1670,因幡,いなば,inaba
1671,宇佐見,うさみ,usami
1672,冨士,ふじ,fuji
1673,春日井,かすがい,kasugai
1674,宇都,うと,uto
1675,小田川,おだがわ,odagawa
1676,石津,いしづ,ishizu
1677,奈良岡,ならおか,naraoka
1678,木戸,きど,kido
1679,花村,はなむら,hanamura
1680,横溝,よこみぞ,yokomizo
1681,林部,はやしべ,hayashibe
1682,藤澤,ふじさわ,fujisawa
1683,今泉,いまいずみ,imaizumi
1684,松倉,まつくら,matsukura
1685,新城,しんじょう,shinjou
1686,塙,はなわ,hanawa
1687,堀池,ほりいけ,horiike
1688,小河,おがわ,ogawa
1689,各務,かがみ,kagami
1690,飯澤,いいざわ,iizawa
1691,七條,しちじょう,shichijou
1692,得田,とくだ,tokuda
1693,横塚,よこつか,yokotsuka
1694,大窪,おおくぼ,ookubo
1695,増渕,ますぶち,masubuchi
1696,古谷野,こやの,koyano
1697,西林,にしばやし,nishibayashi
1698,北沢,きたざわ,kitazawa
1699,東浦,ひがしうら,higashiura
1700,大崎,おおさき,oosaki
1701,家村,いえむら,iemura
1702,紀,きの,kino
1703,荒野,あらの,arano
1704,柳沢,やなぎさわ,yanagisawa
1705,濱本,はまもと,hamamoto
1706,芝崎,しばさき,shibasaki
1707,辻井,つじい,tsujii
1708,荻堂,おぎどう,ogidou
1709,家永,いえなが,ienaga
1710,鳥飼,とりかい,torikai
1711,蓮沼,はすぬま,hasunuma
1712,広末,ひろすえ,hirosue
1713,米光,よねみつ,yonemitsu
1714,粉川,こかわ,kokawa
1715,辰巳,たつみ,tatsumi
1716,大堀,おおほり,oohori
1717,下浦,しもうら,shimoura
1718,相山,あいやま,aiyama
1719,栄,さかえ,sakae
1720,津坂,つさか,tsusaka
1721,湯川,ゆかわ,yukawa
1722,見田,みた,mita
1723,松沢,まつざわ,matsuzawa
1724,安島,あじま,ajima
1725,長戸,ながと,nagato
1726,植木,うえき,ueki
1727,大浜,おおはま,oohama
1728,眞野,まの,mano
1729,牧,まき,maki
1730,竹野,たけの,takeno
1731,小柴,こしば,koshiba
1732,岸田,きしだ,kishida
1733,阿形,あがた,agata
1734,黒瀬,くろせ,kurose
1735,辻本,つじもと,tsujimoto
1736,宇留野,うるの,uruno
1737,岸野,きしの,kishino
1738,木川,きがわ,kigawa
1739,初見,はつみ,hatsumi
1740,赤沼,あかぬま,akanuma
1741,西郷,さいごう,saigou
1742,峯岸,みねぎし,minegishi
1743,青井,あおい,aoi
1744,玉野,たまの,tamano
1745,盛島,もりしま,morishima
1746,竹花,たけはな,takehana
1747,長倉,ながくら,nagakura
1748,茶谷,ちゃたに,chatani
1749,屋代,やしろ,yashiro
1750,中林,なかばやし,nakabayashi
1751,久家,くげ,kuge
1752,石見,いわみ,iwami
1753,洲崎,すざき,suzaki
1754,豊増,とよます,toyomasu
1755,真鍋,まなべ,manabe
1756,宮間,みやま,miyama
1757,種市,たねいち,taneichi
1758,赤羽根,あかばね,akabane
1759,今谷,いまたに,imatani
1760,國松,くにまつ,kunimatsu
1761,根岸,ねぎし,negishi
1762,坂東,ばんどう,bandou
1763,堀野,ほりの,horino
1764,森木,もりき,moriki
1765,丹野,たんの,tanno
1766,古山,ふるやま,furuyama
1767,光本,みつもと,mitsumoto
1768,三坂,みさか,misaka
1769,新村,にいむら,niimura
1770,納富,のうとみ,noutomi
1771,中屋,なかや,nakaya
1772,臼井,うすい,usui
1773,植松,うえまつ,uematsu
1774,鶴見,つるみ,tsurumi
1775,勝亦,かつまた,katsumata
1776,根来,ねごろ,negoro
1777,玉山,たまやま,tamayama
1778,今関,いまぜき,imazeki
1779,重森,しげもり,shigemori
1780,小牟田,こむた,komuta
1781,外村,とのむら,tonomura
1782,杉谷,すぎたに,sugitani
1783,日比野,ひびの,hibino
1784,倉本,くらもと,kuramoto
1785,榊,さかき,sakaki
1786,船津,ふなつ,funatsu
1787,川元,かわもと,kawamoto
1788,島本,しまもと,shimamoto
1789,梁瀬,やなせ,yanase
1790,我那覇,がなは,ganaha
1791,二上,ふたがみ,futagami
1792,大枝,おおえだ,ooeda
1793,前,まえ,mae
1794,古村,こむら,komura
1795,志賀,しが,shiga
1796,池野,いけの,ikeno
1797,小室,こむろ,komuro
1798,和久田,わくだ,wakuda
1799,軽部,かるべ,karube
1800,吉永,よしなが,yoshinaga
1801,鶴原,つるはら,tsuruhara
1802,永末,ながすえ,nagasue
1803,堀本,ほりもと,horimoto
1804,流石,さすが,sasuga
1805,坂谷,さかたに,sakatani
1806,浜本,はまもと,hamamoto
1807,石本,いしもと,ishimoto
1808,十河,そごう,sogou
1809,江渕,えぶち,ebuchi
1810,鴨田,かもだ,kamoda
1811,龍,りゅう,ryuu
1812,濱口,はまぐち,hamaguchi
1813,野見山,のみやま,nomiyama
1814,志摩,しま,shima
1815,尾田,おだ,oda
1816,吉富,よしとみ,yoshitomi
1817,小堀,こぼり,kobori
1818,永友,ながとも,nagatomo
1819,橋,はし,hashi
1820,脇田,わきた,wakita
1821,井芹,いせり,iseri
1822,重田,しげた,shigeta
1823,萬田,まんだ,manda
1824,古閑,こが,koga
1825,久慈,くじ,kuji
1826,小高,おだか,odaka
1827,大杉,おおすぎ,oosugi
1828,沖中,おきなか,okinaka
1829,久津間,くつま,kutsuma
1830,玉置,たまき,tamaki
1831,功刀,くぬぎ,kunugi
1832,倉島,くらしま,kurashima
1833,野原,のはら,nohara
1834,船木,ふなき,funaki
1835,座間味,ざまみ,zamami
1836,千代田,ちよだ,chiyoda
1837,横地,よこち,yokochi
1838,前原,まえはら,maehara
1839,岩尾,いわお,iwao
1840,水間,みずま,mizuma
1841,今福,いまふく,imafuku
1842,清村,きよむら,kiyomura
1843,郡山,こおりやま,kooriyama
1844,穂積,ほづみ,hozumi
1845,品田,しなだ,shinada
1846,比佐,ひさ,hisa
1847,砂田,すなだ,sunada
1848,澁谷,しぶや,shibuya
1849,綱川,つなかわ,tsunakawa
1850,大高,おおたか,ootaka
1851,常世田,とこよだ,tokoyoda
1852,徳丸,とくまる,tokumaru
1853,濱砂,はますな,hamasuna
1854,伊志嶺,いしみね,ishimine
1855,有本,ありもと,arimoto
1856,松吉,まつよし,matsuyoshi
1857,棚橋,たなはし,tanahashi
1858,蒲池,かまち,kamachi
1859,近内,こんない,konnai
1860,饒平名,よへな,yohena
1861,峯田,みねた,mineta
1862,高梨,たかなし,takanashi
1863,冨澤,とみざわ,tomizawa
1864,岡嶋,おかじま,okajima
1865,門馬,もんま,monma
1866,小野崎,おのざき,onozaki
1867,猪狩,いがり,igari
1868,赤松,あかまつ,akamatsu
1869,東山,ひがしやま,higashiyama
1870,星子,ほしこ,hoshiko
1871,水,みず,mizu
1872,細井,ほそい,hosoi
1873,津山,つやま,tsuyama
1874,大辻,おおつじ,ootsuji
1875,大塩,おおしお,ooshio
1876,由井,ゆい,yui
1877,設楽,したら,shitara
1878,生島,いくしま,ikushima
1879,小岩,こいわ,koiwa
1880,田邊,たなべ,tanabe
1881,伊豫田,いよだ,iyoda
1882,堀米,ほりごめ,horigome
1883,倉科,くらしな,kurashina
1884,鍛治,かじ,kaji
1885,山野井,やまのい,yamanoi
1886,倉井,くらい,kurai
1887,村,むら,mura
1888,柚木,ゆのき,yunoki
1889,桐野,きりの,kirino
1890,曽我部,そがべ,sogabe
1891,安陪,あべ,abe
1892,高澤,たかざわ,takazawa
1893,鵜飼,うかい,ukai
1894,関岡,せきおか,sekioka
1895,野澤,のざわ,nozawa
1896,坂根,さかね,sakane
1897,光井,みつい,mitsui
1898,尾方,おがた,ogata
1899,細田,ほそだ,hosoda
1900,戸塚,とつか,totsuka
1901,永坂,ながさか,nagasaka
1902,櫻庭,さくらば,sakuraba
1903,立木,たちき,tachiki
1904,芝山,しばやま,shibayama
1905,吹上,ふきあげ,fukiage
1906,谷川,たにがわ,tanigawa
1907,横江,よこえ,yokoe
1908,天本,あまもと,amamoto
1909,菅生,すごう,sugou
1910,轟木,とどろき,todoroki
1911,城田,しろた,shirota
1912,香川,かがわ,kagawa
1913,田本,たもと,tamoto
1914,浦野,うらの,urano
1915,北林,きたばやし,kitabayashi
1916,内間,うちま,uchima
1917,笹川,ささがわ,sasagawa
1918,若野,わかの,wakano
1919,木山,きやま,kiyama
1920,板東,ばんどう,bandou
1921,塩入,しおいり,shioiri
1922,河井,かわい,kawai
1923,武重,たけしげ,takeshige
1924,森口,もりぐち,moriguchi
1925,田窪,たくぼ,takubo
1926,川尻,かわじり,kawajiri
1927,重冨,しげとみ,shigetomi
1928,野々垣,ののがき,nonogaki
1929,脇,わき,waki
1930,澤岡,さわおか,sawaoka
1931,熊田,くまだ,kumada
1932,車田,くるまだ,kurumada
1933,関本,せきもと,sekimoto
1934,畠田,はただ,hatada
1935,竹山,たけやま,takeyama
1936,小保方,おぼかた,obokata
1937,末光,すえみつ,suemitsu
1938,関田,せきた,sekita
1939,尾形,おがた,ogata
1940,勝本,かつもと,katsumoto
1941,浅田,あさだ,asada
1942,國澤,くにさわ,kunisawa
1943,四本,よつもと,yotsumoto
1944,桧垣,ひがき,higaki
1945,稲熊,いなぐま,inaguma
1946,片平,かたひら,katahira
1947,瀧本,たきもと,takimoto
1948,若松,わかまつ,wakamatsu
1949,伏木,ふしき,fushiki
1950,市丸,いちまる,ichimaru
1951,藤島,ふじしま,fujishima
1952,上出,かみで,kamide
1953,栗野,くりの,kurino
1954,岩見,いわみ,iwami
1955,板橋,いたばし,itabashi
1956,瀬崎,せざき,sezaki
1957,須川,すがわ,sugawa
1958,笠間,かさま,kasama
1959,野川,のがわ,nogawa
1960,志方,しかた,shikata
1961,瀧内,たきうち,takiuchi
1962,戸張,とばり,tobari
1963,本庄,ほんじょう,honjou
1964,寺嶋,てらしま,terashima
1965,南野,みなみの,minamino
1966,浦部,うらべ,urabe
